Found 610 outlets to fix

id,name,mall_id,before,after
"boost-juice-bars-bedok-mall","Boost Juice Bars","bedok-mall","#UNIT-01-04","#01-04"
"hot-tomato-bedok-mall","Hot Tomato","bedok-mall","#UNIT-B1-37-38","#B1-37-38"
"polar-puffs-cakes-bedok-mall","POLAR Puffs & Cakes","bedok-mall","#UNIT-B2-K5","#B2-K5"
"sf-fruits-bedok-mall","SF FRUITS","bedok-mall","#UNIT-B2-K15","#B2-K15"
"toast-roll-bedok-mall","Toast & Roll","bedok-mall","#UNIT-B2-15","#B2-15"
"azul-at-golden-village-bugis","AZUL at Golden Village","bugis","#UNIT-05-01","#05-01"
"marutama-ramen--bugis","Marutama Ra-men ","bugis","#UNIT-04-02","#04-02"
"koi-the-bugis","KOI THE","bugis","#UNIT-01-01","#01-01"
"lau-wang-claypot-bugis","LAU WANG CLAYPOT","bugis","#UNIT-04-13","#04-13"
"alleywei-teppanyaki-bugis-junction","ALLEY.WEI TEPPAN-YAKI","bugis-junction","#UNIT-B1-K23","#B1-K23"
"bengawan-solo-bugis-junction","Bengawan Solo","bugis-junction","#UNIT-B1-03A","#B1-03A"
"avocadoria-bedok-mall","Avocadoria","bedok-mall","#UNIT-B2-09","#B2-09"
"baskin-robbins-bedok-mall","Baskin Robbins","bedok-mall","#UNIT-B1-K1-K2-K3","#B1-K1-K2-K3"
"devil-chicken-bedok-mall","Devil Chicken","bedok-mall","#UNIT-B2-K11","#B2-K11"
"chateraise-bedok-mall","Chateraise","bedok-mall","#UNIT-B2-19","#B2-19"
"itacho-sushi--bugis-junction","Itacho Sushi ","bugis-junction","#UNIT-B1-05","#B1-05"
"cravestuffd-bedok-mall","CRAVE/Stuff'd","bedok-mall","#UNIT-B2-22","#B2-22"
"cut-butchery-bedok-mall","Cut Butchery","bedok-mall","#UNIT-B2-52","#B2-52"
"dunkin-donuts-bedok-mall","DUNKIN' DONUTS","bedok-mall","#UNIT-B2-K7","#B2-K7"
"four-leaves-bedok-mall","Four Leaves","bedok-mall","#UNIT-B2-56","#B2-56"
"mendon-bedok-mall","MENDON","bedok-mall","#UNIT-B2-27","#B2-27"
"myeureka-bedok-mall","myEureka","bedok-mall","#B2-KIO-02","#B2-K02"
"paradise-classic-bedok-mall","Paradise Classic","bedok-mall","#UNIT-B2-10","#B2-10"
"hainan-second-street-bedok-mall","Hainan Second Street","bedok-mall","#UNIT-B2-05-34","#B2-05-34"
"kebabchi-biryani-bedok-mall","KEBABCHI BIRYANI","bedok-mall","#UNIT-01-12","#01-12"
"liho-bedok-mall","LiHO","bedok-mall","#UNIT-B2-K16","#B2-K16"
"sushiro-bedok-mall","Sushiro","bedok-mall","#UNIT-B1-10","#B1-10"
"subway-bedok-mall","Subway","bedok-mall","#UNIT-01-96","#01-96"
"smile-martabak-bedok-mall","Smile Martabak","bedok-mall","#UNIT-01-03","#01-03"
"primadeli-bedok-mall","PrimaDeli","bedok-mall","#UNIT-B2-K6","#B2-K6"
"the-coffee-bean-tea-leaf-bedok-mall","The Coffee Bean & Tea Leaf","bedok-mall","#UNIT-01-01","#01-01"
"ritz-apple-strudel-bedok-mall","Ritz Apple Strudel","bedok-mall","#UNIT-B2-K8","#B2-K8"
"coco-ichibanya-bugis","CoCo ICHIBANYA","bugis","#UNIT-01-10","#01-10"
"astons-specialities-bugis","Astons Specialities","bugis","#UNIT-05-08-08A","#05-08-08A"
"chickfila-bugis","CHICK-FIL-A","bugis","#UNIT-01-19","#01-19"
"gelre-bugis","Geláre","bugis","#UNIT-05-10","#05-10"
"haidilao-hot-pot--bugis","Haidilao Hot Pot 海底捞火锅","bugis","#UNIT-04-10","#04-10"
"zhang-liang-mala-tang-bedok-mall","Zhang Liang Mala Tang","bedok-mall","#UNIT-B1-09","#B1-09"
"amps-tea-bugis","amps tea","bugis","#UNIT-05-09","#05-09"
"jco--bugis","J.Co ","bugis","#UNIT-01-03","#01-03"
"jinjja-chicken-diner-bugis","JINJJA!! CHICKEN DINER","bugis","#UNIT-01-11","#01-11"
"kanemochi-bugis","KANEMOCHI","bugis","#UNIT-02-50","#02-50"
"liho-cafe--bugis","LiHo @ Cafe ","bugis","#UNIT-03-29-30","#03-29-30"
"meow-barbecue-bugis","Meow Barbecue","bugis","#UNIT-01-17","#01-17"
"micun-bibimbap-bugis","MICUN Bibimbap","bugis","#UNIT-01-13","#01-13"
"new-manlee-bak-kut-teh--bugis","New Manlee Bak Kut Teh ","bugis","#UNIT-01-12","#01-12"
"pizza-maru-bugis","Pizza Maru","bugis","#UNIT-04-03-04","#04-03-04"
"pratunam-plus--bugis","Pratunam Plus ","bugis","#UNIT-04-09","#04-09"
"ramen-champion-bugis","Ramen Champion","bugis","#UNIT-04-07","#04-07"
"rumel-bugis","rumeL","bugis","#UNIT-01-07","#01-07"
"scrambled-egg-rice-keisuke-bugis","SCRAMBLED EGG RICE KEISUKE","bugis","#UNIT-04-01","#04-01"
"sides-bugis","SIDES","bugis","#UNIT-03-25-26","#03-25-26"
"sukiya--bugis","SUKI-YA ","bugis","#UNIT-04-14-15","#04-14-15"
"umeya-bugis","Umeya","bugis","#UNIT-02-22","#02-22"
"watami-japanese-dining-bugis","Watami Japanese Dining","bugis","#UNIT-04-05","#04-05"
"xin-wang-hong-kong-cafe-bugis","Xin Wang Hong Kong Cafe","bugis","#UNIT-01-02-K1","#01-02-K1"
"xita-lao-taitai-bugis","XITA LAO TAITAI","bugis","#UNIT-04-06","#04-06"
"yole-0-sugar-added-bugis","YOLE 0% SUGAR ADDED","bugis","#UNIT-03-27","#03-27"
"the-coffee-bean-tea-leaf-bugis","The Coffee Bean & Tea Leaf","bugis","#UNIT-01-06","#01-06"
"beutea-bugis-junction","BEUTEA","bugis-junction","#UNIT-M01-K1","#M01-K1"
"boost-juice-bars-bugis-junction","Boost Juice Bars","bugis-junction","#UNIT-B1-01A","#B1-01A"
"butter-studio-bugis-junction","BUTTER STUDIO","bugis-junction","#UNIT-01-61-61A","#01-61-61A"
"caica-bugis-junction","cai-ca","bugis-junction","#UNIT-03-08","#03-08"
"chewy-junior--bugis-junction","Chewy Junior ","bugis-junction","#UNIT-B1-12","#B1-12"
"chocolate-origin--bugis-junction","Chocolate Origin ","bugis-junction","#UNIT-B1-01-02","#B1-01-02"
"chou-niang-bugis-junction","Chou Niang","bugis-junction","#B1-KIO-10-TO-11","#B1-K10-TO-11"
"daily-chicken-bugis-junction","Daily Chicken","bugis-junction","#UNIT-B1-06","#B1-06"
"four-leaves--bugis-junction","Four Leaves ","bugis-junction","#UNIT-B1-14-15","#B1-14-15"
"godiva-chocolatier--bugis-junction","GODIVA Chocolatier ","bugis-junction","#UNIT-01-60-60A","#01-60-60A"
"hey-yakiniku-bugis-junction","Hey! Yakiniku","bugis-junction","#UNIT-01-92-93-94-95-96-97","#01-92-93-94-95-96-97"
"harrys-clarke-quay","Harry’s","clarke-quay","#UNIT-01-01-D","#01-01-D"
"helens-clarke-quay","Helen's","clarke-quay","#UNIT-02-03-D","#02-03-D"
"here-kitty-kitty-clarke-quay","Here Kitty Kitty","clarke-quay","#UNIT-02-01-03-E","#02-01-03-E"
"the-riverhouse-mimi-yang-club-zorba--clarke-quay","The Riverhouse (Mimi, YANG Club, Zorba)   ","clarke-quay","#UNIT-01-02-A","#01-02-A"
"tomo-tokyo-clarke-quay","Tomo Tokyo","clarke-quay","#UNIT-01-04-A","#01-04-A"
"verve-pizza-bar-clarke-quay","Verve Pizza Bar","clarke-quay","#UNIT-01-10-D","#01-10-D"
"i-love-taimei-bugis-junction","i Love Taimei","bugis-junction","#UNIT-B1-K11-11A","#B1-K11-11A"
"hokkaido-baked-cheese-tart-bugis-junction","Hokkaido Baked Cheese Tart","bugis-junction","#UNIT-B1-K06","#B1-K06"
"hong-kong-egglet-bugis-junction","Hong Kong Egglet","bugis-junction","#UNIT-B1-K14","#B1-K14"
"four-leaves-bukit-panjang-plaza","Four Leaves","bukit-panjang-plaza","#UNIT-01-25","#01-25"
"lau-wang-claypot-bukit-panjang-plaza","LAU WANG CLAYPOT","bukit-panjang-plaza","#UNIT-03-10A","#03-10A"
"krispy-kreme-bugis-junction","Krispy Kreme","bugis-junction","#UNIT-B1-03B","#B1-03B"
"lavender-bugis-junction","Lavender","bugis-junction","#UNIT-B1-23","#B1-23"
"lenu-chef-wais-noodle-bar-bugis-junction","LeNu Chef Wai’s Noodle Bar","bugis-junction","#UNIT-B1-22","#B1-22"
"ma-maison-bugis-junction","Ma Maison","bugis-junction","#UNIT-02-51","#02-51"
"maru-mochi-bugis-junction","MARU MOCHI","bugis-junction","#UNIT-B1-12A","#B1-12A"
"miam-miam-bugis-junction","Miam Miam","bugis-junction","#UNIT-02-14","#02-14"
"seoul-garden--bugis-junction","Seoul Garden ","bugis-junction","#UNIT-02-52-52A","#02-52-52A"
"mm--bugis-junction","MM 满巍明生炸鸡架 ","bugis-junction","#UNIT-B1-K05","#B1-K05"
"mrs-banana-bugis-junction","MRS BANANA","bugis-junction","#UNIT-B1-K09","#B1-K09"
"nam-kee-jb-handmade-pau--bugis-junction","Nam Kee JB Handmade Pau ","bugis-junction","#UNIT-B1-K14","#B1-K14"
"nunsaram-korean-dessert-cafe-bugis-junction","Nunsaram Korean Dessert Cafe","bugis-junction","#UNIT-01-70","#01-70"
"paris-baguette-cafe-bugis-junction","PARIS BAGUETTE Cafe","bugis-junction","#UNIT-B1-24-25","#B1-24-25"
"ritz-apple-strudel-bugis-junction","Ritz Apple Strudel","bugis-junction","#UNIT-B1-K12","#B1-K12"
"starbucks-bugis-junction","Starbucks","bugis-junction","#UNIT-01-106","#01-106"
"the-coffee-bean-tea-leaf-bugis-junction","The Coffee Bean & Tea Leaf","bugis-junction","#UNIT-03-10H","#03-10H"
"shinfuni--bugis-junction","Shinfuni 幸芙妮","bugis-junction","#UNIT-B1-K04","#B1-K04"
"snackz-it--bugis-junction","Snackz It! 可口味","bugis-junction","#UNIT-B1-K5A","#B1-K5A"
"tangled-fresh-pasta-to-go-bugis-junction","Tangled Fresh Pasta To Go","bugis-junction","#UNIT-B1-K10","#B1-K10"
"the-canteen-by-tin-box-bugis-junction","The Canteen by Tin Box","bugis-junction","#UNIT-01-71-72","#01-71-72"
"tanyu-bugis-junction","TANYU","bugis-junction","#UNIT-02-45","#02-45"
"thachang-sg-bugis-junction","THACHANG SG","bugis-junction","#UNIT-02-46","#02-46"
"tip-top-bugis-junction","Tip Top","bugis-junction","#UNIT-01-68-A","#01-68-A"
"tokyo-shokudo-bistro-bugis-junction","Tokyo Shokudo Bistro","bugis-junction","#UNIT-B1-07","#B1-07"
"tori-sanwa--bugis-junction","TORI SANWA 鶏三和","bugis-junction","#UNIT-B1-K21-K22","#B1-K21-K22"
"xiaolongkan-hotpot-bugis-junction","XiaoLongKan Hotpot","bugis-junction","#UNIT-02-54","#02-54"
"zhang-liang-mala-tang-bugis-junction","Zhang Liang Mala Tang","bugis-junction","#UNIT-01-90-91","#01-90-91"
"capital--clarke-quay","Capital ","clarke-quay","#UNIT-01-05--02-06","#01-05--02-06"
"chapters-by-drinks-co--clarke-quay","Chapters by Drinks & Co. ","clarke-quay","#UNIT-01-08-D","#01-08-D"
"chupitos-clarke-quay","Chupitos","clarke-quay","#UNIT-01-01-E","#01-01-E"
"cuba-libre-cafe-bar-clarke-quay","Cuba Libre Cafe & Bar","clarke-quay","#UNIT-01-03-04-E","#01-03-04-E"
"fu-lin-restaurant-bar-clarke-quay","Fu Lin Restaurant & Bar","clarke-quay","#UNIT-01-02-D","#01-02-D"
"fu-yuan-teochew-dining-clarke-quay","Fu Yuan Teochew Dining","clarke-quay","#UNIT-01-01C-01D-A","#01-01C-01D-A"
"grand-konak-turkish-and-lebanese-cuisine-clarke-quay","Grand Konak Turkish and Lebanese Cuisine","clarke-quay","#UNIT-01-05-D","#01-05-D"
"hanjip-korean-grill-house-clarke-quay","Hanjip Korean Grill House","clarke-quay","#UNIT-01-11-C","#01-11-C"
"hooters-singapore-clarke-quay","Hooters Singapore","clarke-quay","#UNIT-01-03-D","#01-03-D"
"il-clay-supper-club-clarke-quay","IL Clay Supper Club","clarke-quay","#UNIT-01-04-D","#01-04-D"
"incredi-bowl-clarke-quay","iNCREDi BOWL","clarke-quay","#UNIT-01-07A--D--01-12-D","#01-07A--D--01-12-D"
"jules-epicurean-french-cuisine-clarke-quay","Jules Epicurean French Cuisine","clarke-quay","#UNIT-01-05A-D","#01-05A-D"
"little-saigon-clarke-quay","Little Saigon","clarke-quay","#UNIT-01-02-E","#01-02-E"
"mimi-restaurant-clarke-quay","Mimi Restaurant","clarke-quay","#UNIT-01-02-A","#01-02-A"
"nana-thai-royale-clarke-quay","Nana Thai Royale","clarke-quay","#UNIT-01-06-A","#01-06-A"
"octapas-by-el-mesa-clarke-quay","Octapas by El Mesa","clarke-quay","#UNIT-01-07-E","#01-07-E"
"overscoop-clarke-quay","Overscoop","clarke-quay","#UNIT-01-01-A","#01-01-A"
"phuture-clarke-quay","Phuture","clarke-quay","#UNIT-01-05--02-06","#01-05--02-06"
"red-house-seafood-nanyang-clarke-quay","Red House Seafood Nanyang","clarke-quay","#UNIT-01-02-03--01--07-08","#01-02-03--01--07-08"
"redtail-bar-by-zouk-clarke-quay","RedTail Bar By Zouk","clarke-quay","#UNIT-01-04","#01-04"
"rico-rico--clarke-quay","Rico Rico ","clarke-quay","#UNIT-01-07-D","#01-07-D"
"seafood-paradise-clarke-quay","Seafood Paradise","clarke-quay","#UNIT-01-03-A","#01-03-A"
"senor-taco-clarke-quay","Señor Taco","clarke-quay","#UNIT-01-00-A","#01-00-A"
"simply-retro-by-tin-box-cq-clarke-quay","Simply Retro by Tin Box @ CQ","clarke-quay","#UNIT-03-01-A","#03-01-A"
"the-coffee-scene-clarke-quay","The Coffee Scene","clarke-quay","#UNIT-01-09-D","#01-09-D"
"warehouse-clarke-quay","WAREHOUSE","clarke-quay","#UNIT-01-09-C","#01-09-C"
"yang-club-clarke-quay","YANG Club","clarke-quay","#UNIT-01-02-A","#01-02-A"
"zouk-clarke-quay","Zouk","clarke-quay","#UNIT-01-05--02-06","#01-05--02-06"
"arabisk-bukit-panjang-plaza","ARABISK","bukit-panjang-plaza","#UNIT-01-55","#01-55"
"bee-cheng-hiang-bukit-panjang-plaza","Bee Cheng Hiang","bukit-panjang-plaza","#UNIT-01-24","#01-24"
"bengawan-solo-bukit-panjang-plaza","Bengawan Solo","bukit-panjang-plaza","#UNIT-01-66-67","#01-66-67"
"bibimbap-dosirak-bukit-panjang-plaza","Bibimbap! / Dosirak!","bukit-panjang-plaza","#UNIT-01-41","#01-41"
"bober-tea--bukit-panjang-plaza","Bober Tea ","bukit-panjang-plaza","#UNIT-01-23","#01-23"
"boost-juice-bars-bukit-panjang-plaza","Boost Juice Bars","bukit-panjang-plaza","#UNIT-01-20","#01-20"
"chinatown-tans-tutu-coconut-cake-bukit-panjang-plaza","Chinatown Tan's Tutu Coconut Cake","bukit-panjang-plaza","#UNIT-02-K5","#02-K5"
"cravy-for-crispy-chicken-bukit-panjang-plaza","Cravy For Crispy Chicken","bukit-panjang-plaza","#UNIT-01-40","#01-40"
"swee-heng-bakery-bukit-panjang-plaza","Swee Heng Bakery","bukit-panjang-plaza","#UNIT-01-22","#01-22"
"shan-cheng-bukit-panjang-plaza","Shan Cheng","bukit-panjang-plaza","#UNIT-01-56-57","#01-56-57"
"micun-bibimbap-bukit-panjang-plaza","MICUN Bibimbap","bukit-panjang-plaza","#UNIT-02-17A-17","#02-17A-17"
"mixue-bukit-panjang-plaza","MIXUE","bukit-panjang-plaza","#UNIT-02-08","#02-08"
"nene-chicken-bukit-panjang-plaza","NENE CHICKEN","bukit-panjang-plaza","#UNIT-02-10","#02-10"
"playmade-bukit-panjang-plaza","PlayMade","bukit-panjang-plaza","#UNIT-01-17","#01-17"
"yakiniku-like-bukit-panjang-plaza","Yakiniku Like","bukit-panjang-plaza","#UNIT-02-16","#02-16"
"tonkotsu-kazan-bukit-panjang-plaza","Tonkotsu Kazan","bukit-panjang-plaza","#UNIT-01-64-65","#01-64-65"
"wine-connection-bukit-panjang-plaza","Wine Connection","bukit-panjang-plaza","#UNIT-02-K4-K5","#02-K4-K5"
"yu-ding-bukit-panjang-plaza","Yu Ding","bukit-panjang-plaza","#UNIT-01-44","#01-44"
"taste-of-indonesia-bukit-panjang-plaza","Taste of Indonesia","bukit-panjang-plaza","#UNIT-01-42","#01-42"
"xi-men-jie-bukit-panjang-plaza","Xi Men Jie","bukit-panjang-plaza","#UNIT-01-60-61","#01-60-61"
"yes-lemon-bukit-panjang-plaza","Yes Lemon","bukit-panjang-plaza","#UNIT-02-22","#02-22"
"sushi-zanmai-imm","Sushi Zanmai","imm","#UNIT-02-23","#02-23"
"joe-dough-republic-plaza-republic-plaza","Joe & Dough, Republic Plaza","republic-plaza","#02 - 03","#02-03"
"unaga--imm","UNAGA ","imm","#UNIT-01-36","#01-36"
"chocolate-origin-junction-8","Chocolate Origin","junction-8","#UNIT-02-33","#02-33"
"koi-th-junction-8","KOI Thé","junction-8","#UNIT-02-26","#02-26"
"liho-junction-8","LiHO","junction-8","#UNIT-02-18A","#02-18A"
"burger-king-plaza-singapura","BURGER KING","plaza-singapura","#UNIT-B1-11","#B1-11"
"taiwan-fullhouse-junction-8","Taiwan Fullhouse","junction-8","#UNIT-02-20A-21","#02-20A-21"
"koi-the-plaza-singapura","KOI THE","plaza-singapura","#UNIT-B2-11","#B2-11"
"chicha-san-chen--plaza-singapura","CHICHA San Chen (吃茶三千)","plaza-singapura","#UNIT-B1-K7","#B1-K7"
"chiyoda-sushi-plaza-singapura","Chiyoda Sushi","plaza-singapura","#UNIT-B2-56","#B2-56"
"talad-thai-banana-plaza-singapura","TALAD THAI BANANA","plaza-singapura","#UNIT-B2-42","#B2-42"
"myeureka-plaza-singapura","myEureka","plaza-singapura","#UNIT-B1-K4","#B1-K4"
"mamma-mia-trattoria-e-caffe--plaza-singapura","Mamma Mia! Trattoria E Caffe ","plaza-singapura","#UNIT-03-79--03-83","#03-79--03-83"
"encik-tan-kallang-wave","ENCIK TAN","kallang-wave-mall","Kallang Wave Mall\n\n            #01-32","#01-32"
"tamoya-udon-plaza-singapura","Tamoya Udon","plaza-singapura","#UNIT-06-11-12","#06-11-12"
"cinnabon-raffles-city","CINNABON","raffles-city","#UNIT-B1-60","#B1-60"
"osaka-ohsho-raffles-city","Osaka Ohsho","raffles-city","#UNIT-B1-75","#B1-75"
"spicy-noodle--raffles-city","SPICY NOODLE 銷魂麵舖","raffles-city","#UNIT-B1-38","#B1-38"
"sufood-raffles-city","Sufood","raffles-city","#UNIT-02-19-21","#02-19-21"
"pastamania-kallang-wave","PASTAMANIA","kallang-wave-mall","Kallang Wave Mall\n\n            #01-21/K10","#01-21/K10"
"kenangan-coffee-imm","Kenangan Coffee","imm","#UNIT-01-22A","#01-22A"
"the-stamford-brasserie-raffles-city","The Stamford Brasserie","raffles-city","#UNIT-01-SWISSOTEL","#01-SWISSOTEL"
"tiong-bahru-bakery-diner-raffles-city","Tiong Bahru Bakery DINER","raffles-city","#UNIT-B1-11","#B1-11"
"tokyo-milk-cheese-factory-raffles-city","Tokyo Milk Cheese Factory","raffles-city","#UNIT-B1-73","#B1-73"
"balithai-imm","BALIthai","imm","#UNIT-01-21","#01-21"
"bantianyao-grilled-fish--imm","BANTIANYAO GRILLED FISH 半天妖烤鱼","imm","#UNIT-01-22","#01-22"
"do-qoo--imm","Do Qoo 豆趣 ","imm","#UNIT-01-37","#01-37"
"ecreative-cake-imm","eCreative Cake","imm","#UNIT-01-40","#01-40"
"four-leaves-imm","Four Leaves","imm","#UNIT-01-44-45","#01-44-45"
"fu-lin-fried-yong-tofu-imm","Fu Lin Fried Yong Tofu","imm","#UNIT-01-47","#01-47"
"haidilao-hot-pot--imm","Haidilao Hot Pot 海底捞火锅","imm","#UNIT-03-01","#03-01"
"hainan-second-street-imm","Hainan Second Street","imm","#UNIT-02-38-38A","#02-38-38A"
"hong-kong-egglet-nam-kee-jb-handmade-pau-imm","Hong Kong Egglet & Nam Kee JB Handmade Pau","imm","#UNIT-01-K01","#01-K01"
"koi-th-imm","KOI Thé","imm","#UNIT-01-58","#01-58"
"krispy-kreme-imm","Krispy Kreme","imm","#UNIT-01-K06","#01-K06"
"burger-king-imm","BURGER KING","imm","#UNIT-01-51","#01-51"
"liho-imm","LiHO","imm","#UNIT-01-K12","#01-K12"
"llaollao-imm","llaollao","imm","#UNIT-01-42","#01-42"
"makan-street--imm","Makan Street 福满街","imm","#UNIT-03-55","#03-55"
"mrs-banana-imm","MRS BANANA","imm","#UNIT-01-41","#01-41"
"pasta-express--imm","PASTA EXPRESS +","imm","#UNIT-01-K04","#01-K04"
"beutea-junction-8","BEUTEA","junction-8","#UNIT-02-30","#02-30"
"swee-heng-1989-classic-imm","SWEE HENG 1989 Classic","imm","#UNIT-01-83","#01-83"
"wan-chai-hong-kong-tea-room-imm","Wan Chai Hong Kong Tea Room","imm","#UNIT-03-51","#03-51"
"ambush-junction-8","Ambush","junction-8","#UNIT-02-19-20--02-27","#02-19-20--02-27"
"bbq-express-junction-8","BBQ Express","junction-8","#UNIT-B1-K10-K11","#B1-K10-K11"
"bee-cheng-hiang-junction-8","Bee Cheng Hiang","junction-8","#UNIT-B1-13","#B1-13"
"bengawan-solo-junction-8","Bengawan Solo","junction-8","#UNIT-B1-02","#B1-02"
"lee-wee-brothers-tampines-mall","Lee Wee & Brothers","tampines-mall","#UNIT-B1-K6","#B1-K6"
"lao-huo-tang-signature-tampines-mall","Lao Huo Tang Signature","tampines-mall","#UNIT-B1-01--B1-27","#B1-01--B1-27"
"boost-juice-bars-junction-8","Boost Juice Bars","junction-8","#UNIT-B1-K1","#B1-K1"
"breadtalk-junction-8","BreadTalk","junction-8","#UNIT-01-35-36","#01-35-36"
"chagee-junction-8","CHAGEE","junction-8","#UNIT-01-10-11","#01-10-11"
"nam-kee-pau-bedok-mall","Nam Kee Pau","bedok-mall","#UNIT-B2-K25","#B2-K25"
"four-leaves--lot-one","Four Leaves ","lot-one","#UNIT-B1-K14-K15--B1-20","#B1-K14-K15--B1-20"
"fei-siong-junction-8","Fei Siong","junction-8","#UNIT-B1-K9","#B1-K9"
"four-leaves-junction-8","Four Leaves","junction-8","#UNIT-B1-10","#B1-10"
"grub-junction-8","GRUB","junction-8","#UNIT-01-38","#01-38"
"stuffd-junction-8","stuff'd","junction-8","#UNIT-B1-19A","#B1-19A"
"seoul-noodle-junction-8","Seoul Noodle","junction-8","#UNIT-01-19","#01-19"
"mister-donut-junction-8","Mister Donut","junction-8","#UNIT-02-27A","#02-27A"
"nine-fresh--junction-8","NINE FRESH 九鲜","junction-8","#UNIT-B1-K12","#B1-K12"
"nunsaram-korean-dessert-cafe-junction-8","Nunsaram Korean Dessert Cafe","junction-8","#UNIT-02-52","#02-52"
"polar-puffs-cakes-junction-8","POLAR Puffs & Cakes","junction-8","#UNIT-B1-K2","#B1-K2"
"ritz-apple-strudel-junction-8","Ritz Apple Strudel","junction-8","#UNIT-B1-K3","#B1-K3"
"saybons-french-food-factory-junction-8","Saybons French Food Factory","junction-8","#UNIT-02-43","#02-43"
"serangoon-bbq-curry-since-1983-junction-8","Serangoon BBQ & Curry since 1983","junction-8","#UNIT-B1-26","#B1-26"
"sf-fruits-junction-8","SF FRUITS","junction-8","#UNIT-B1-K7","#B1-K7"
"sushi-gogo-junction-8","SUSHI GOGO","junction-8","#UNIT-B1-23","#B1-23"
"wunderfolks-lot-one","Wunderfolks","lot-one","#UNIT-B1-K18","#B1-K18"
"encik-tan-bedok-mall","Encik Tan","bedok-mall","#UNIT-B1-41-42","#B1-41-42"
"talad-thai-banana-junction-8","TALAD THAI BANANA","junction-8","#UNIT-B1-K15","#B1-K15"
"watami-japanese-dining-junction-8","WATAMI Japanese Dining","junction-8","#UNIT-01-33","#01-33"
"50-taste-of-tradition-plaza-singapura","50 年 Taste Of Tradition","plaza-singapura","#UNIT-B2-58","#B2-58"
"aki-sushi-grill-plaza-singapura","Aki Sushi & Grill","plaza-singapura","#UNIT-B2-40","#B2-40"
"alchemist-plaza-singapura","Alchemist","plaza-singapura","#UNIT-01-50","#01-50"
"arteastiq-depatio-plaza-singapura","Arteastiq DePatio","plaza-singapura","#UNIT-03-70-71-72","#03-70-71-72"
"auntie-annes-plaza-singapura","Auntie Anne's","plaza-singapura","#UNIT-B2-37","#B2-37"
"bashu-sichuan-cuisine-plaza-singapura","Bashu Sichuan Cuisine","plaza-singapura","#UNIT-06-07","#06-07"
"beard-papas-plaza-singapura","Beard Papa's","plaza-singapura","#UNIT-B2-27-28","#B2-27-28"
"bengawan-solo-plaza-singapura","Bengawan Solo","plaza-singapura","#UNIT-B2-59","#B2-59"
"boost-juice-bars-plaza-singapura","Boost Juice Bars","plaza-singapura","#UNIT-B2-55","#B2-55"
"breadtalk-plaza-singapura","BreadTalk","plaza-singapura","#UNIT-B2-26","#B2-26"
"cafemeal-muji-plaza-singapura","Café&Meal MUJI","plaza-singapura","#UNIT-01-10-TO-17","#01-10-TO-17"
"cajun-on-wheels-plaza-singapura","Cajun On Wheels","plaza-singapura","#UNIT-03-92","#03-92"
"cellarbration-plaza-singapura","Cellarbration","plaza-singapura","#UNIT-B2-63","#B2-63"
"c-chung-plaza-singapura","Cô Chung","plaza-singapura","#UNIT-B2-20","#B2-20"
"daxi--plaza-singapura","DaXi 大喜","plaza-singapura","#UNIT-B1-08","#B1-08"
"dunkin-donuts-plaza-singapura","DUNKIN' DONUTS","plaza-singapura","#UNIT-B2-57","#B2-57"
"emicakes-plaza-singapura","Emicakes","plaza-singapura","#UNIT-B2-60","#B2-60"
"epidor-plaza-singapura","Epid’or","plaza-singapura","#UNIT-B2-24","#B2-24"
"gyogyo-japanese-grilled-fish-sukiyaki-plaza-singapura","GyoGyo Japanese Grilled Fish & Sukiyaki","plaza-singapura","#UNIT-06-08-09-10","#06-08-09-10"
"haidilao-hot-pot--plaza-singapura","Haidilao Hot Pot 海底捞火锅","plaza-singapura","#UNIT-04-20","#04-20"
"ke-ming--plaza-singapura","KE MING 克茗冰室","plaza-singapura","#UNIT-B2-01","#B2-01"
"killiney-since-1919-plaza-singapura","Killiney Since 1919","plaza-singapura","#UNIT-B2-35-36","#B2-35-36"
"kin-no-mame-plaza-singapura","Kin No Mame","plaza-singapura","#UNIT-B1-K3--02-34","#B1-K3--02-34"
"llaollao-plaza-singapura","llaollao","plaza-singapura","#UNIT-B2-08","#B2-08"
"nanas-green-tea-plaza-singapura","Nana's Green Tea","plaza-singapura","#UNIT-03-80--03-82","#03-80--03-82"
"nanjing-impressions-plaza-singapura","Nanjing Impressions","plaza-singapura","#UNIT-04-46-TO-51","#04-46-TO-51"
"paper-rice-vietnamese-kitchen-plaza-singapura","Paper Rice Vietnamese Kitchen","plaza-singapura","#UNIT-01-55","#01-55"
"paperbakes-plaza-singapura","PaperBakes","plaza-singapura","#UNIT-03-21","#03-21"
"pm-by-pizza-maru-chego-by-seoul-yummy--plaza-singapura","PM+ by Pizza Maru / Chego by Seoul Yummy ","plaza-singapura","#UNIT-04-64-66","#04-64-66"
"secret-recipe-plaza-singapura","Secret Recipe","plaza-singapura","#UNIT-03-18","#03-18"
"snackz-it--plaza-singapura","Snackz It! 可口味","plaza-singapura","#UNIT-B2-46","#B2-46"
"seorae-jib-plaza-singapura","SEORAE JIB","plaza-singapura","#UNIT-02-01","#02-01"
"bee-cheng-hiang-raffles-city","Bee Cheng Hiang","raffles-city","#UNIT-B1-59","#B1-59"
"tsukada-nojo-plaza-singapura","Tsukada Nojo","plaza-singapura","#UNIT-03-81","#03-81"
"typhoon-cafe-plaza-singapura","Typhoon Cafe","plaza-singapura","#UNIT-04-63--04-67","#04-63--04-67"
"ygf-malatang-plaza-singapura","YGF MALATANG","plaza-singapura","#UNIT-B2-52--B2-54","#B2-52--B2-54"
"yole-0-sugar-added-plaza-singapura","YOLE 0% SUGAR ADDED","plaza-singapura","#UNIT-01-22A","#01-22A"
"alice-boulangerie-and-restaurant-raffles-city","ALICE BOULANGERIE AND RESTAURANT","raffles-city","#UNIT-01-22A","#01-22A"
"antidote-raffles-city","ANTI:DOTE","raffles-city","#UNIT-01-FAIRMONT","#01-FAIRMONT"
"asia-grand-restaurant-raffles-city","Asia Grand Restaurant","raffles-city","#UNIT-03-22B","#03-22B"
"asian-market-cafe-raffles-city","Asian Market Cafe","raffles-city","#UNIT-02-FAIRMONT","#02-FAIRMONT"
"bacha-coffee-raffles-city","Bacha Coffee","raffles-city","#UNIT-01-38-39","#01-38-39"
"bengawan-solo-raffles-city","Bengawan Solo","raffles-city","#UNIT-B1-02A","#B1-02A"
"munchi-pancakes-bedok-mall","munchi PANCAKES","bedok-mall","#UNIT-B2-K12","#B2-K12"
"boost-juice-bars-raffles-city","Boost Juice Bars","raffles-city","#UNIT-B1-51","#B1-51"
"breadtalk-raffles-city","BreadTalk","raffles-city","#UNIT-B1-44A","#B1-44A"
"brotherbird-bakehouse-raffles-city","BROTHERBIRD BAKEHOUSE","raffles-city","#UNIT-B1-67","#B1-67"
"brotzeit-raffles-city","Brotzeit","raffles-city","#UNIT-01-17","#01-17"
"cafemeal-muji-raffles-city","Café&Meal MUJI","raffles-city","#UNIT-02-20--02-22","#02-20--02-22"
"casa-vostra-raffles-city","Casa Vostra","raffles-city","#UNIT-01-49-50-51","#01-49-50-51"
"clove-raffles-city","CLOVE","raffles-city","#UNIT-02-SWISSOTEL","#02-SWISSOTEL"
"epidor-raffles-city","Epid’or","raffles-city","#UNIT-B1-44","#B1-44"
"fieldnotes-raffles-city","Fieldnotes","raffles-city","#UNIT-B1-68","#B1-68"
"garrett-popcorn-shops-raffles-city","Garrett Popcorn Shops","raffles-city","#UNIT-B1-29","#B1-29"
"go-ba--raffles-city","Go Ba! 果霸茶","raffles-city","#UNIT-B1-69","#B1-69"
"go-unique-go-noodle-house-raffles-city","GO UNIQUE - 有间面馆 GO NOODLE HOUSE","raffles-city","#UNIT-B1-12","#B1-12"
"godiva-chocolatier--raffles-city","GODIVA Chocolatier ","raffles-city","#UNIT-B1-K1-K2","#B1-K1-K2"
"gyukatsu-kyoto-katsugyu--raffles-city","Gyukatsu Kyoto Katsugyu 牛かつ 京都勝牛","raffles-city","#UNIT-B1-63-64","#B1-63-64"
"homm-dessert-at-heart-raffles-city","Homm Dessert at Heart","raffles-city","#UNIT-B1-12","#B1-12"
"hyangtogol-raffles-city","Hyang-To-Gol","raffles-city","#UNIT-B1-74","#B1-74"
"ho-kee-pau-bedok-mall","Ho Kee Pau","bedok-mall","#UNIT-B2-K3","#B2-K3"
"koji-sushi-bar--raffles-city","Koji Sushi Bar ","raffles-city","#UNIT-03-28A","#03-28A"
"lee-wee-brothers-foodstuff-raffles-city","Lee Wee & Brothers' Foodstuff","raffles-city","#UNIT-B1-57","#B1-57"
"lucia-the-brownie-bar-raffles-city","LUCIA The Brownie Bar","raffles-city","#UNIT-B1-70","#B1-70"
"lderach-chocolatier-suisse-raffles-city","Läderach Chocolatier Suisse","raffles-city","#UNIT-B1-48","#B1-48"
"nespresso-raffles-city","Nespresso","raffles-city","#UNIT-01-16","#01-16"
"paperbakes-raffles-city","PaperBakes","raffles-city","#UNIT-B1-80","#B1-80"
"paris-baguette-x-teatra-raffles-city","Paris Baguette x teatra","raffles-city","#UNIT-01-46-46A-47-48","#01-46-46A-47-48"
"poult--raffles-city","Poulét ","raffles-city","#UNIT-B1-65-66","#B1-65-66"
"prego-raffles-city","Prego","raffles-city","#UNIT-01-FAIRMONT","#01-FAIRMONT"
"putien-restaurant-raffles-city","PUTIEN Restaurant","raffles-city","#UNIT-02-18","#02-18"
"rive-gauche-patisserie-raffles-city","Rive Gauche Patisserie","raffles-city","#UNIT-B1-50","#B1-50"
"royce-raffles-city","ROYCE'","raffles-city","#UNIT-B1-23","#B1-23"
"old-chang-kee-bedok-mall","Old Chang Kee","bedok-mall","#UNIT-B2-K4","#B2-K4"
"tai-cheong-bakery-raffles-city","Tai Cheong Bakery","raffles-city","#UNIT-B1-58","#B1-58"
"talad-thai-banana-raffles-city","TALAD THAI BANANA","raffles-city","#UNIT-B1-54","#B1-54"
"taste-ipoh-raffles-city","Taste Ipoh","raffles-city","#UNIT-B1-81","#B1-81"
"tenjin-raffles-city","Tenjin","raffles-city","#UNIT-B1-46","#B1-46"
"thaiexpress-raffles-city","ThaiExpress","raffles-city","#UNIT-B1-77","#B1-77"
"the-cocoa-trees-raffles-city","The Cocoa Trees","raffles-city","#UNIT-B1-43","#B1-43"
"the-cookie-museum-raffles-city","The Cookie Museum","raffles-city","#UNIT-B1-K4","#B1-K4"
"the-eight-raffles-city","The Eight","raffles-city","#UNIT-08-FAIRMONT","#08-FAIRMONT"
"the-food-place-by-food-republic-raffles-city","The Food Place by Food Republic","raffles-city","#UNIT-03-15-16-17","#03-15-16-17"
"the-coffee-bean-tea-leaf-raffles-city","The Coffee Bean & Tea Leaf","raffles-city","#UNIT-01-45-45A","#01-45-45A"
"tori-sanwa--raffles-city","TORI SANWA 鶏三和","raffles-city","#UNIT-B1-75","#B1-75"
"twg-tea-salon-boutique-raffles-city","TWG Tea Salon & Boutique","raffles-city","#UNIT-01-SWISSOTEL","#01-SWISSOTEL"
"wooloomooloo-steak-house-raffles-city","Wooloomooloo Steak House","raffles-city","#UNIT-03-SWISSOTEL","#03-SWISSOTEL"
"bee-cheng-hiang-tampines-mall","Bee Cheng Hiang","tampines-mall","#UNIT-B1-14","#B1-14"
"bengawan-solo-tampines-mall","Bengawan Solo","tampines-mall","#UNIT-B1-15","#B1-15"
"breadtalk-tampines-mall","BreadTalk","tampines-mall","#UNIT-01-32","#01-32"
"cellarbration-tampines-mall","Cellarbration","tampines-mall","#UNIT-B1-K24","#B1-K24"
"cut-butchery-tampines-mall","Cut Butchery","tampines-mall","#UNIT-B1-16","#B1-16"
"do-qoo--tampines-mall","Do Qoo 豆趣 ","tampines-mall","#UNIT-B1-K19","#B1-K19"
"famous-amos-tampines-mall","Famous Amos","tampines-mall","#UNIT-B1-K15","#B1-K15"
"fei-siong-tampines-mall","Fei Siong","tampines-mall","#UNIT-B1-K9","#B1-K9"
"four-leaves-tampines-mall","Four Leaves","tampines-mall","#UNIT-B1-22","#B1-22"
"ging-sun-ho-king-of-bun-tampines-mall","Ging Sun Ho King of Bun","tampines-mall","#UNIT-B1-K17","#B1-K17"
"jco-tampines-mall","J.Co","tampines-mall","#UNIT-01-38","#01-38"
"pastamania-tampines-mall","PASTAMANIA","tampines-mall","#UNIT-04-21-22","#04-21-22"
"legendary-hong-kong-tampines-mall","Legendary Hong Kong","tampines-mall","#UNIT-B1-11","#B1-11"
"liho-tampines-mall","LiHO","tampines-mall","#UNIT-B1-K5","#B1-K5"
"polar-puffs-cakes-tampines-mall","POLAR Puffs & Cakes","tampines-mall","#UNIT-B1-K14","#B1-K14"
"putien-restaurant-tampines-mall","PUTIEN Restaurant","tampines-mall","#UNIT-02-02","#02-02"
"royce-tampines-mall","ROYCE","tampines-mall","#UNIT-B1-21","#B1-21"
"seorae-jib-pocha-korean-street-dining-tampines-mall","Seorae Jib / Pocha! Korean Street Dining","tampines-mall","#UNIT-B1-02","#B1-02"
"sushi-zanmai-tampines-mall","Sushi Zanmai","tampines-mall","#UNIT-04-32","#04-32"
"tai-chong-kok-tampines-mall","Tai Chong Kok","tampines-mall","#UNIT-B1-K11","#B1-K11"
"tanjong-rhu-pau-tampines-mall","Tanjong Rhu Pau","tampines-mall","#UNIT-B1-K10","#B1-K10"
"al-capones-kallang-wave","AL CAPONE'S","kallang-wave-mall","Kallang Wave Mall\n\n            #01-15","#01-15"
"amps-tea-lickers-kallang-wave","amps tea+ | Lickers","kallang-wave-mall","Kallang Wave Mall\n\n            #01-10","#01-10"
"bar-soccer-kallang-wave","Bar Soccer","kallang-wave-mall","Kallang Wave Mall\n\n            #01-13/K5","#01-13/K5"
"blue-fern-grill-sake-kallang-wave","BLUE FERN GRILL & SAKE","kallang-wave-mall","Kallang Wave Mall\n\n            #01-20","#01-20"
"boost-juice-bars-kallang-wave","Boost Juice Bars","kallang-wave-mall","Kallang Wave Mall\n\n            #02-13","#02-13"
"chicha-san-chen-kallang-wave","CHICHA SAN CHEN","kallang-wave-mall","Kallang Wave Mall\n\n            #01-52","#01-52"
"chocolate-origin-with-cacaocat-kallang-wave","CHOCOLATE ORIGIN WITH CACAOCAT","kallang-wave-mall","Kallang Wave Mall\n\n            #01-31","#01-31"
"good-cheer-2-kallang-wave","GOOD CHEER 2","kallang-wave-mall","Kallang Wave Mall\n\n            #01-14","#01-14"
"gourmet-pizza-to-go-kallang-wave","GOURMET PIZZA TO GO","kallang-wave-mall","Kallang Wave Mall\n\n            #01-43","#01-43"
"-seafood-hk-dim-sum-express-kallang-wave","极鲜 SEAFOOD & HK DIM SUM EXPRESS","kallang-wave-mall","Kallang Wave Mall\n\n            #02-15/16A","#02-15/16A"
"mk-levure-naturelle-kallang-wave","MK LEVURE NATURELLE","kallang-wave-mall","Kallang Wave Mall\n\n            #01-30","#01-30"
"omoomo-kallang-wave","OMOOMO","kallang-wave-mall","Kallang Wave Mall\n\n            #01-40","#01-40"
"seoul-yummy-chego-kallang-wave","SEOUL YUMMY CHEGO","kallang-wave-mall","Kallang Wave Mall\n\n            #01-47","#01-47"
"sukiya-kallang-wave","SUKI-YA","kallang-wave-mall","Kallang Wave Mall\n\n            #01-35","#01-35"
"tiara-waterfront-kallang-wave","TIARA WATERFRONT","kallang-wave-mall","Singapore Indoor Stadium\n\n            #01-05","#01-05"
"yol-tampines-mall","Yolé","tampines-mall","#UNIT-B1-K12","#B1-K12"
"bbq-express-lot-one","BBQ Express","lot-one","#UNIT-B1-K33","#B1-K33"
"bee-cheng-hiang-lot-one","Bee Cheng Hiang","lot-one","#UNIT-B1-K11-K12","#B1-K11-K12"
"bengawan-solo-lot-one","Bengawan Solo","lot-one","#UNIT-B1-14","#B1-14"
"boost-juice-bars-lot-one","Boost Juice Bars","lot-one","#UNIT-B1-K17","#B1-K17"
"chicha-san-chen--lot-one","CHICHA San Chen (吃茶三千) ","lot-one","#UNIT-01-05","#01-05"
"cococane-lot-one","CocoCane","lot-one","#UNIT-B1-K6","#B1-K6"
"hainanese-curry-rice-lot-one","Hainanese Curry Rice","lot-one","#UNIT-B1-K24","#B1-K24"
"juewei-braised-snacks-lot-one","JUEWEI BRAISED SNACKS","lot-one","#UNIT-B1-22","#B1-22"
"poulet-bugis","Poulet","bugis","#UNIT-04-12","#04-12"
"subway-lot-one","Subway","lot-one","#UNIT-B1-34-35","#B1-34-35"
"primadli-lot-one","PrimaDéli","lot-one","#UNIT-B1-K25","#B1-K25"
"snackz-it--lot-one","Snackz It! 可口味 ","lot-one","#UNIT-B1-K1","#B1-K1"
"swee-heng-1989-classic-lot-one","SWEE HENG 1989 Classic","lot-one","#UNIT-B1-02","#B1-02"
"talad-thai-banana-lot-one","TALAD THAI BANANA","lot-one","#UNIT-B1-K30","#B1-K30"
"the-whale-tea-lot-one","The Whale Tea","lot-one","#UNIT-B1-25","#B1-25"
"tokyo-shokudo-milan-shokudo-lot-one","Tokyo Shokudo / Milan Shokudo","lot-one","#UNIT-B1-12-13","#B1-12-13"
"tori-story-lot-one","Tori Story","lot-one","#UNIT-B1-K2","#B1-K2"
"the-coffee-bean-tea-leaf-lot-one","The Coffee Bean & Tea Leaf","lot-one","#UNIT-01-01","#01-01"
"yakiniku-shokudo-lot-one","Yakiniku Shokudo","lot-one","#UNIT-02-25","#02-25"
"yoshinoya-bedok-mall","YOSHINOYA","bedok-mall","#UNIT-B2-30","#B2-30"
"mos-burger-bedok-mall","MOS Burger","bedok-mall","#UNIT-B2-29","#B2-29"
"wok-hey-bedok-mall","Wok Hey","bedok-mall","#UNIT-B2-K9","#B2-K9"
"ajisen-ramen-bugis-junction","Ajisen Ramen","bugis-junction","#UNIT-01-01","#01-01"
"crystal-jade-la-mian-xiao-long-bao--bugis-junction","Crystal Jade La Mian Xiao Long Bao ","bugis-junction","#UNIT-B1-04A","#B1-04A"
"nan-yang-dao--bugis","NAN YANG DAO 南洋岛","bugis","#UNIT-04-08","#04-08"
"eighteen-chefs--bugis-junction","Eighteen Chefs ","bugis-junction","#UNIT-04-06","#04-06"
"starbucks-bugis","Starbucks","bugis","#UNIT-02-12-13","#02-12-13"
"eastern-rice-dumpling-bedok-mall","Eastern Rice Dumpling","bedok-mall","#UNIT-B2-K10","#B2-K10"
"ajisen-tanjiro-bedok-mall","Ajisen Tanjiro","bedok-mall","#UNIT-01-69-70","#01-69-70"
"canton-paradise-bedok-mall","Canton Paradise","bedok-mall","#UNIT-B2-11","#B2-11"
"eat-bedok-mall","EAT.","bedok-mall","#UNIT-B2-K14","#B2-K14"
"old-street-bak-kut-teh-you-tiao-soya-milk-kallang-wave","OLD STREET BAK KUT TEH. YOU TIAO. SOYA MILK","kallang-wave-mall","Kallang Wave Mall\n\n            #01-22","#01-22"
"popeyes-louisiana-kitchen-kallang-wave","POPEYES LOUISIANA KITCHEN","kallang-wave-mall","Kallang Wave Mall\n\n            #02-02","#02-02"
"rocking-rickshaw-kallang-wave","ROCKING RICKSHAW","kallang-wave-mall","Kallang Wave Mall\n\n            #01-12","#01-12"
"typhoon-kallang-wave","TYPHOON","kallang-wave-mall","Kallang Wave Mall\n\n            #01-35","#01-35"
"yunomori-onsen-cafe-kallang-wave","YUNOMORI ONSEN CAFE","kallang-wave-mall","Kallang Wave Mall\n\n            #02-17 & 18","#02-17 & 18"
"the-coffee-bean-tea-leaf-kallang-wave","THE COFFEE BEAN & TEA LEAF","kallang-wave-mall","Kallang Wave Mall\n\n            #01-44 & 45","#01-44 & 45"
"mcdonalds-bedok-mall","McDonald's","bedok-mall","#UNIT-01-10-11","#01-10-11"
"shanghai-tan-panfried-buns-bedok-mall","Shanghai Tan Pan-Fried Buns","bedok-mall","#UNIT-02-02","#02-02"
"malaysia-boleh-bugis-junction","Malaysia Boleh!","bugis-junction","#UNIT-03-30","#03-30"
"pepper-lunch-bedok-mall","Pepper Lunch","bedok-mall","#UNIT-01-05-06-07-08","#01-05-06-07-08"
"san-ren-xing--bedok-mall","SAN REN XING 三人行","bedok-mall","#UNIT-B1-40","#B1-40"
"little-pond--bedok-mall","Little Pond 小鱼塘","bedok-mall","#UNIT-B2-42-43","#B2-42-43"
"sanook-kitchen-bedok-mall","Sanook Kitchen","bedok-mall","#UNIT-B2-44","#B2-44"
"starbucks-bedok-mall","Starbucks","bedok-mall","#UNIT-01-92-93","#01-92-93"
"paris-baguette--bedok-mall","PARIS BAGUETTE ","bedok-mall","#UNIT-01-31","#01-31"
"genki-sushi-bugis","GENKI SUSHI","bugis","#UNIT-01-08","#01-08"
"monster-curry-bugis-junction","Monster Curry","bugis-junction","#UNIT-B1-04-B1-K24","#B1-04-B1-K24"
"swensens-bedok-mall","Swensen's","bedok-mall","#UNIT-01-77","#01-77"
"ya-kun-kaya-toast-bugis-junction","Ya Kun Kaya Toast","bugis-junction","#UNIT-B1-11","#B1-11"
"toriq-bedok-mall","Tori-Q","bedok-mall","#UNIT-B2-28","#B2-28"
"kfc--bugis-junction","KFC ","bugis-junction","#UNIT-B1-09","#B1-09"
"burger-king-bukit-panjang-plaza","BURGER KING","bukit-panjang-plaza","#UNIT-01-28","#01-28"
"shanghai-tan-panfried-buns-bugis","Shanghai Tan Pan-Fried Buns","bugis","#UNIT-01-14","#01-14"
"ichiban-sushi-bukit-panjang-plaza","Ichiban Sushi","bukit-panjang-plaza","#UNIT-01-37-38","#01-37-38"
"bulgogi-syo-bugis-junction","Bulgogi Syo","bugis-junction","#UNIT-02-49","#02-49"
"mcdonalds-bugis-junction","McDonald's","bugis-junction","#UNIT-01-66","#01-66"
"joshs-grill-bugis-junction","Josh's Grill","bugis-junction","#UNIT-01-69","#01-69"
"big-fish-small-fish-bugis-junction","Big Fish Small Fish","bugis-junction","#UNIT-04-05","#04-05"
"oriental-kopi-bugis-junction","ORIENTAL KOPI","bugis-junction","#UNIT-02-50","#02-50"
"swensens-bugis-junction","Swensen's","bugis-junction","#UNIT-01-68","#01-68"
"old-chang-kee-bugis-junction","Old Chang Kee","bugis-junction","#UNIT-B1-13","#B1-13"
"subway--bugis-junction","Subway ","bugis-junction","#UNIT-B1-25A","#B1-25A"
"stuffd-bugis-junction","stuff'd","bugis-junction","#UNIT-B1-K07","#B1-K07"
"sushi-plus--bugis-junction","Sushi Plus ","bugis-junction","#UNIT-02-53","#02-53"
"ippudo--clarke-quay","IPPUDO ","clarke-quay","#UNIT-01-07-C","#01-07-C"
"pita-tree-kebabs-clarke-quay","Pita Tree Kebabs","clarke-quay","#UNIT-01-11-D","#01-11-D"
"mr-bean-bukit-panjang-plaza","Mr Bean","bukit-panjang-plaza","#UNIT-01-19","#01-19"
"now-pizza-bukit-panjang-plaza","Now Pizza","bukit-panjang-plaza","#UNIT-01-43","#01-43"
"rrooll-bukit-panjang-plaza","rrooll","bukit-panjang-plaza","#UNIT-01-39","#01-39"
"old-chang-kee-bukit-panjang-plaza","Old Chang Kee","bukit-panjang-plaza","#UNIT-01-16","#01-16"
"ya-kun-kaya-toast-bukit-panjang-plaza","Ya Kun Kaya Toast","bukit-panjang-plaza","#UNIT-02-01A","#02-01A"
"the-coffee-bean-tea-leaf-imm","The Coffee Bean & Tea Leaf","imm","#UNIT-01-126","#01-126"
"hei-sushi-imm","Hei Sushi","imm","#UNIT-01-K10","#01-K10"
"mr-coconut-imm","Mr. Coconut","imm","#UNIT-01-K05","#01-K05"
"eat-imm","EAT.","imm","#UNIT-01-K08","#01-K08"
"red-ginger-imm","Red Ginger","imm","#UNIT-01-46","#01-46"
"eat-pizza-imm","Eat Pizza","imm","#UNIT-01-K11","#01-K11"
"old-chang-kee-imm","Old Chang Kee","imm","#UNIT-01-35","#01-35"
"gong-yuan-ma-la-tang-imm","Gong Yuan Ma La Tang","imm","#UNIT-02-52","#02-52"
"lao-jiang-superior-soup-imm","Lao Jiang Superior Soup","imm","#UNIT-01-K09","#01-K09"
"shihlin-taiwan-street-food-imm","Shihlin Taiwan Street Food","imm","#UNIT-01-K03","#01-K03"
"dian-xiao-er-junction-8","Dian Xiao Er","junction-8","#UNIT-B1-07","#B1-07"
"greendot-junction-8","Greendot","junction-8","#UNIT-B1-24-24A","#B1-24-24A"
"4-fingers-crispy-chicken-junction-8","4 Fingers Crispy Chicken","junction-8","#UNIT-01-32","#01-32"
"i-love-taimei-junction-8","I Love Taimei","junction-8","#UNIT-B1-22","#B1-22"
"mr-bean-junction-8","Mr Bean","junction-8","#UNIT-B1-K5","#B1-K5"
"toast-box-junction-8","TOAST BOX","junction-8","#UNIT-01-35-36","#01-35-36"
"wok-hey-imm","Wok Hey","imm","#UNIT-01-K02","#01-K02"
"fun-toast-junction-8","Fun Toast","junction-8","#UNIT-03-09","#03-09"
"wok-hey-junction-8","Wok Hey","junction-8","#UNIT-B1-11","#B1-11"
"genki-sushi-junction-8","GENKI SUSHI","junction-8","#UNIT-01-22--01-30","#01-22--01-30"
"old-chang-kee-junction-8","Old Chang Kee","junction-8","#UNIT-B1-12","#B1-12"
"shake-shack-junction-8","Shake Shack","junction-8","#UNIT-01-51","#01-51"
"the-coffee-bean-tea-leaf-junction-8","The Coffee Bean & Tea Leaf","junction-8","#UNIT-01-34","#01-34"
"yoshinoya-junction-8","YOSHINOYA","junction-8","#UNIT-01-49-50","#01-49-50"
"eat-pizza-plaza-singapura","Eat Pizza","plaza-singapura","#UNIT-B2-38","#B2-38"
"munchi-pancakes-junction-8","munchi PANCAKES","junction-8","#UNIT-B1-K13","#B1-K13"
"toriq-junction-8","Tori-Q","junction-8","#UNIT-B1-25","#B1-25"
"85-redhill-teochew-fishball-noodles-plaza-singapura","85 Redhill Teochew Fishball Noodles","plaza-singapura","#UNIT-B2-39","#B2-39"
"goang-pratunam-chicken-rice-plaza-singapura","Go-Ang Pratunam Chicken Rice","plaza-singapura","#UNIT-03-24","#03-24"
"luckin-coffee-plaza-singapura","luckin coffee","plaza-singapura","#UNIT-B2-64","#B2-64"
"old-chang-kee--plaza-singapura","Old Chang Kee ","plaza-singapura","#UNIT-B2-02","#B2-02"
"the-coffee-bean-tea-leaf-plaza-singapura","The Coffee Bean & Tea Leaf","plaza-singapura","#UNIT-05-20","#05-20"
"riverside-canton-claypot-cuisine--raffles-city","Riverside Canton Claypot Cuisine 江边广东砂锅菜","raffles-city","#UNIT-B1-06-07","#B1-06-07"
"da-paolo-gastronomia-raffles-city","Da Paolo Gastronomia","raffles-city","#UNIT-B1-45","#B1-45"
"mr-bean-plaza-singapura","Mr Bean","plaza-singapura","#UNIT-B2-29","#B2-29"
"tiong-bahru-bakery-plaza-singapura","Tiong Bahru Bakery","plaza-singapura","#UNIT-01-23","#01-23"
"yakiniku-shokudo-plaza-singapura","Yakiniku Shokudo","plaza-singapura","#UNIT-B1-01","#B1-01"
"starbucks-plaza-singapura","Starbucks","plaza-singapura","#UNIT-01-34B--01-53","#01-34B--01-53"
"swensens-plaza-singapura","Swensen's","plaza-singapura","#UNIT-03-23","#03-23"
"din-tai-fung-raffles-city","Din Tai Fung","raffles-city","#UNIT-B1-08-09-10","#B1-08-09-10"
"starbucks-raffles-city","Starbucks","raffles-city","#UNIT-02-34","#02-34"
"tokyo-shokudo-plaza-singapura","Tokyo Shokudo","plaza-singapura","#UNIT-02-35","#02-35"
"blue-bottle-coffee-raffles-city","Blue Bottle Coffee","raffles-city","#UNIT-01-01-02--02-01-02-03--03-01-04-05","#01-01-02--02-01-02-03--03-01-04-05"
"stuffd-raffles-city","Stuff'd","raffles-city","#UNIT-B1-56","#B1-56"
"tarte-by-cheryl-koh-raffles-city","Tarte by Cheryl Koh","raffles-city","#UNIT-B1-46","#B1-46"
"andes-by-astons-bukit-panjang-plaza","Andes by Astons","bukit-panjang-plaza","#UNIT-03-10","#03-10"
"pocha-korean-street-dining-clarke-quay","POCHA! KOREAN STREET DINING","clarke-quay","#UNIT-01-05-A","#01-05-A"
"greendot-bukit-panjang-plaza","Greendot","bukit-panjang-plaza","#UNIT-01-36","#01-36"
"kfc-bukit-panjang-plaza","KFC","bukit-panjang-plaza","#UNIT-02-12-13","#02-12-13"
"kopitiam--tampines-mall","Kopitiam ","tampines-mall","#UNIT-04-27-28-29","#04-27-28-29"
"toast-box-tampines-mall","TOAST BOX","tampines-mall","#UNIT-01-32","#01-32"
"dian-xiao-er-lot-one","Dian Xiao Er","lot-one","#UNIT-B1-32-33","#B1-32-33"
"tokyo-shokudo-tampines-mall","Tokyo Shokudo","tampines-mall","#UNIT-04-02","#04-02"
"eat-lot-one","EAT.","lot-one","#UNIT-B1-K3","#B1-K3"
"mcdonalds-tampines-mall","McDonald's","tampines-mall","#UNIT-01-33","#01-33"
"ajisen-ramen-lot-one","Ajisen Ramen","lot-one","#UNIT-04-11-12","#04-11-12"
"stuffd-tampines-mall","stuff'd","tampines-mall","#UNIT-B1-K13","#B1-K13"
"the-hainan-story-coffee-house--tampines-mall","THE HAINAN STORY COFFEE HOUSE (海南寶)","tampines-mall","#UNIT-B1-K2","#B1-K2"
"munchi-pancakes-lot-one","munchi PANCAKES","lot-one","#UNIT-B1-01A","#B1-01A"
"shiok-burger-lot-one","Shiok Burger","lot-one","#UNIT-B1-K10","#B1-K10"
"super-sushi-tampines-mall","Super Sushi","tampines-mall","#UNIT-B1-K4","#B1-K4"
"mcdonalds-lot-one","McDonald's","lot-one","#UNIT-01-20","#01-20"
"stuffd-lot-one","stuff'd","lot-one","#UNIT-B1-K26","#B1-K26"
"pastamania-lot-one","PASTAMANIA","lot-one","#UNIT-03-02A","#03-02A"
"sanook-kitchen-lot-one","Sanook Kitchen","lot-one","#UNIT-01-06-07","#01-06-07"
"tamjai-samgor-mixian-lot-one","TamJai SamGor Mixian","lot-one","#UNIT-B1-10-11","#B1-10-11"
"aone-signature-kallang-wave","A-ONE SIGNATURE","kallang-wave-mall","Kallang Wave Mall\n\n            #01-33 & 34","#01-33 & 34"
"fun-toast-kallang-wave","FUN TOAST","kallang-wave-mall","Kallang Wave Mall\n\n            #01-39","#01-39"
"ayam-penyet-president-kallang-wave","AYAM PENYET PRESIDENT","kallang-wave-mall","Kallang Wave Mall\n\n            #01-23","#01-23"
"kei-kaisendon-kallang-wave","KEI KAISENDON","kallang-wave-mall","Kallang Wave Mall\n\n            #01-46","#01-46"
"joe-dough-kallang-wave","JOE & DOUGH","kallang-wave-mall","Kallang Wave Mall\n\n            #01-42","#01-42"
"poulet-kallang-wave","POULET","kallang-wave-mall","Kallang Wave Mall\n\n            #01-17","#01-17"
"subway-kallang-wave","SUBWAY","kallang-wave-mall","Kallang Wave Mall\n\n            #01-55","#01-55"
"starbucks-kallang-wave","STARBUCKS","kallang-wave-mall","Kallang Wave Mall\n\n            #01-56","#01-56"
"yew-kee-specialities-kallang-wave","YEW KEE SPECIALITIES","kallang-wave-mall","Kallang Wave Mall\n\n            #02-12","#02-12"
"toast-box--bugis-junction","TOAST BOX ","bugis-junction","#UNIT-01-67","#01-67"
"subway-bukit-panjang-plaza","Subway","bukit-panjang-plaza","#UNIT-02-11","#02-11"
"super-sushi-bukit-panjang-plaza","Super Sushi","bukit-panjang-plaza","#UNIT-01-68","#01-68"
"song-fa-bak-kut-teh-bukit-panjang-plaza","Song Fa Bak Kut Teh","bukit-panjang-plaza","#UNIT-03-09A","#03-09A"
"koo-kee-bukit-panjang-plaza","Koo Kee","bukit-panjang-plaza","#UNIT-01-48-49-50","#01-48-49-50"
"swensens-bukit-panjang-plaza","Swensen's","bukit-panjang-plaza","#UNIT-03-04","#03-04"
"sanwich-lot-one","san.wich","lot-one","#UNIT-B1-K21","#B1-K21"
"sushi-express-imm","Sushi Express","imm","#UNIT-02-64","#02-64"
"simply-wrapps-raffles-city","Simply Wrapps","raffles-city","#UNIT-B1-78","#B1-78"
"genki-sushi-tampines-mall","GENKI SUSHI","tampines-mall","#UNIT-03-26-27","#03-26-27"
"mr-bean-bedok-mall","Mr Bean","bedok-mall","#UNIT-B2-K2","#B2-K2"
"dian-xiao-er-bedok-mall","Dian Xiao Er","bedok-mall","#UNIT-01-73-74","#01-73-74"
"cedele-imm","Cedele","imm","#UNIT-01-20","#01-20"
"saap-saap-thai-bedok-mall","Saap Saap Thai","bedok-mall","#UNIT-B1-39","#B1-39"
"yakiniku-shokudo-imm","Yakiniku Shokudo","imm","#UNIT-02-53","#02-53"
"subway-junction-8","Subway","junction-8","#UNIT-01-31","#01-31"
"mr-bean-bugis-junction","Mr Bean","bugis-junction","#UNIT-B1-K13","#B1-K13"
"pizza-hut-bukit-panjang-plaza","Pizza Hut","bukit-panjang-plaza","#UNIT-02-14-15","#02-14-15"
"wok-hey-bukit-panjang-plaza","WOK HEY","bukit-panjang-plaza","#UNIT-01-69","#01-69"
"wingstop-bedok-mall","WINGSTOP","bedok-mall","#UNIT-B1-53","#B1-53"
"the-coffee-bean-tea-leaf-bukit-panjang-plaza","The Coffee Bean & Tea Leaf","bukit-panjang-plaza","#UNIT-02-08A-09","#02-08A-09"
"food-junction-junction-8","Food Junction","junction-8","#UNIT-04-01-02E","#04-01-02E"
"dabba-street-bugis-junction","DABBA STREET","bugis-junction","#UNIT-B1-K08","#B1-K08"
"bee-cheng-hiang-bedok-mall","Bee Cheng Hiang","bedok-mall","#UNIT-B2-23","#B2-23"
"ya-kun-kaya-toast-imm","Ya Kun Kaya Toast","imm","#UNIT-01-50","#01-50"
"nandos--bugis-junction","Nando's ","bugis-junction","#UNIT-01-85-86-87","#01-85-86-87"
"home--clarke-quay","Home ","clarke-quay","#UNIT-02-03-A","#02-03-A"
"yakiniku-like-junction-8","Yakiniku Like","junction-8","#UNIT-01-40","#01-40"
"niku-iku-bugis-junction","NIKU IKU","bugis-junction","#UNIT-B1-K03","#B1-K03"
"chagee-bukit-panjang-plaza","CHAGEE","bukit-panjang-plaza","#UNIT-02-38-39","#02-38-39"
"mr-coconut-junction-8","Mr. Coconut","junction-8","#UNIT-B1-K6","#B1-K6"
"gochiso-shokudo-bugis-junction","Gochi-So Shokudo","bugis-junction","#UNIT-02-47-48","#02-47-48"
"nandos-plaza-singapura","Nando's","plaza-singapura","#UNIT-04-10-11","#04-10-11"
"fragrance-imm","Fragrance","imm","#UNIT-01-43","#01-43"
"seoul-garden-imm","Seoul Garden","imm","#UNIT-02-25","#02-25"
"aburien-junction-8","Aburi-EN","junction-8","#UNIT-01-37","#01-37"
"ajisen-ramen-junction-8","Ajisen Ramen","junction-8","#UNIT-B1-19","#B1-19"
"wine-connection-raffles-city","Wine Connection","raffles-city","#UNIT-B1-43F","#B1-43F"
"coco-ichibanya-plaza-singapura","CoCo ICHIBANYA","plaza-singapura","#UNIT-03-73","#03-73"
"kfc-plaza-singapura","KFC","plaza-singapura","#UNIT-B1-21-22","#B1-21-22"
"venchi-raffles-city","Venchi","raffles-city","#UNIT-01-37A","#01-37A"
"yoshinoya-bugis-junction","YOSHINOYA","bugis-junction","#UNIT-B1-10","#B1-10"
"crave-junction-8","CRAVE","junction-8","#UNIT-B1-K8","#B1-K8"
"chagee-plaza-singapura","CHAGEE","plaza-singapura","#UNIT-01-58","#01-58"
"mcdonalds-bukit-panjang-plaza","McDonald's","bukit-panjang-plaza","#UNIT-02-01","#02-01"
"cedele-raffles-city","Cedele","raffles-city","#UNIT-B1-44M","#B1-44M"
"kenangan-coffee-raffles-city","Kenangan Coffee","raffles-city","#UNIT-B1-K10","#B1-K10"
"manna-plaza-singapura","Manna","plaza-singapura","#UNIT-B2-22","#B2-22"
"menya-kokoro-plaza-singapura","Menya Kokoro","plaza-singapura","#UNIT-B2-53","#B2-53"
"kfc-junction-8","KFC","junction-8","#UNIT-01-21","#01-21"
"mcdonalds-plaza-singapura","McDonald's","plaza-singapura","#UNIT-B1-23-24","#B1-23-24"
"din-tai-fung-junction-8","Din Tai Fung","junction-8","#UNIT-01-41","#01-41"
"din-tai-fung-plaza-singapura","Din Tai Fung","plaza-singapura","#UNIT-02-32","#02-32"
"nandos-tampines-mall","Nando's","tampines-mall","#UNIT-01-46","#01-46"
"long-john-silvers-junction-8","Long John Silver's","junction-8","#UNIT-01-19A","#01-19A"
"mcdonalds-junction-8","McDonald's","junction-8","#UNIT-01-20","#01-20"
"lolas-tampines-mall","Lola's","tampines-mall","#UNIT-01-50","#01-50"
"wine-connection-plaza-singapura","Wine Connection","plaza-singapura","#UNIT-B2-66","#B2-66"
"swensens-junction-8","Swensen's","junction-8","#UNIT-01-39","#01-39"
"crave-bukit-panjang-plaza","CRAVE","bukit-panjang-plaza","#UNIT-01-18","#01-18"
"ocoffee-club-raffles-city","O'Coffee Club","raffles-city","#UNIT-03-30-30A","#03-30-30A"
"crave-lot-one","CRAVE","lot-one","#UNIT-B1-K19","#B1-K19"
"the-soup-spoon-raffles-city","The Soup Spoon","raffles-city","#UNIT-B1-44L","#B1-44L"
"xw-western-grill-raffles-city","XW Western Grill","raffles-city","#UNIT-B1-44B","#B1-44B"
"kenangan-coffee-tampines-mall","Kenangan Coffee","tampines-mall","#UNIT-01-48","#01-48"
"seoul-garden-tampines-mall","Seoul Garden","tampines-mall","#UNIT-04-01","#04-01"
"delifrance-lot-one","Delifrance","lot-one","#UNIT-03-14A","#03-14A"
"tamjai-samgor-mixian-junction-8","TamJai SamGor Mixian","junction-8","#UNIT-B1-20","#B1-20"
"dough-culture-tampines-mall","Dough Culture","tampines-mall","#UNIT-B1-K16","#B1-K16"
"pezzo-lot-one","PEZZO","lot-one","#UNIT-B1-23","#B1-23"
"old-chang-kee-lot-one","Old Chang Kee","lot-one","#UNIT-B1-K23","#B1-K23"
"genki-sushi-plaza-singapura","GENKI SUSHI","plaza-singapura","#UNIT-06-05-06","#06-05-06"
"gochiso-shokudo-plaza-singapura","Gochi-So Shokudo","plaza-singapura","#UNIT-B2-50-51","#B2-50-51"
"kopitiam-plaza-singapura","Kopitiam","plaza-singapura","#UNIT-06-15-16-17","#06-15-16-17"
"the-sushi-bar-plaza-singapura","The Sushi Bar","plaza-singapura","#UNIT-04-68","#04-68"
"stuffd-plaza-singapura","stuff'd","plaza-singapura","#UNIT-B2-43","#B2-43"
"toast-box-raffles-city","TOAST BOX","raffles-city","#UNIT-B1-44A","#B1-44A"
"treasures-yi-dian-xin-raffles-city","Treasures Yi Dian Xin","raffles-city","#UNIT-B1-37","#B1-37"
"sushi-tei-raffles-city","Sushi Tei","raffles-city","#UNIT-03-13-14","#03-13-14"
"ippudo-raffles-city","IPPUDO","raffles-city","#UNIT-B1-61-62","#B1-61-62"
"old-chang-kee-raffles-city","Old Chang Kee","raffles-city","#UNIT-B1-55","#B1-55"
"wok-hey-raffles-city","Wok Hey","raffles-city","#UNIT-B1-72","#B1-72"
"milan-shokudo-junction-8","Milan Shokudo","junction-8","#UNIT-02-35A-34-35","#02-35A-34-35"
"tim-hortons-plaza-singapura","Tim Hortons","plaza-singapura","#UNIT-02-K1-TO-K6","#02-K1-TO-K6"
"munchi-pancakes-plaza-singapura","munchi PANCAKES","plaza-singapura","#UNIT-B2-41","#B2-41"
"swensens-tampines-mall","Swensen's","tampines-mall","#UNIT-03-30","#03-30"
"ho-kee-pau-lot-one","Ho Kee Pau","lot-one","#UNIT-B1-K28","#B1-K28"
"toriq-tampines-mall","Tori-Q","tampines-mall","#UNIT-B1-K20","#B1-K20"
"shiok-burger-raffles-city","Shiok Burger","raffles-city","#UNIT-B1-79","#B1-79"
"ajisen-ramen-tampines-mall","Ajisen Ramen","tampines-mall","#UNIT-04-19-20","#04-19-20"
"chagee-raffles-city","CHAGEE","raffles-city","#UNIT-01-15","#01-15"
"namnam-raffles-city","NamNam","raffles-city","#UNIT-B1-47","#B1-47"
"din-tai-fung-tampines-mall","Din Tai Fung","tampines-mall","#UNIT-02-01--02-31","#02-01--02-31"
"so-pho-tampines-mall","So Pho","tampines-mall","#UNIT-04-30-31","#04-30-31"
"kfc-tampines-mall","KFC","tampines-mall","#UNIT-01-47","#01-47"
"long-john-silvers-tampines-mall","Long John Silver's","tampines-mall","#UNIT-04-23-24-25","#04-23-24-25"
"kfc--lot-one","KFC ","lot-one","#UNIT-B1-28-29","#B1-28-29"
"makisan-lot-one","Maki-San","lot-one","#UNIT-B1-K31","#B1-K31"
"mr-bean--lot-one","Mr Bean ","lot-one","#UNIT-B1-K29","#B1-K29"
"wok-hey-lot-one","WOK HEY","lot-one","#UNIT-B1-K27","#B1-K27"
"ya-kun-kaya-toast-lot-one","Ya Kun Kaya Toast","lot-one","#UNIT-B1-K4-K5","#B1-K4-K5"
"tenderfresh-xpress--lot-one","Tenderfresh XPRESS ","lot-one","#UNIT-B1-K22","#B1-K22"
"red-ginger-lot-one","Red Ginger","lot-one","#UNIT-B1-K7-K8","#B1-K7-K8"
"astons-specialities-kallang-wave","ASTONS SPECIALITIES","kallang-wave-mall","Kallang Wave Mall\n\n            #02-04","#02-04"
"my-kampung-kallang-wave","MY KAMPUNG","kallang-wave-mall","Kallang Wave Mall\n\n            #02-16","#02-16"
"munchi-pancakes-kallang-wave","munchi PANCAKES","kallang-wave-mall","Kallang Wave Mall\n\n            #01-38","#01-38"
"sanook-kitchen-kallang-wave","SANOOK KITCHEN","kallang-wave-mall","Kallang Wave Mall\n\n            #01-16","#01-16"
"the-soup-spoon-union-kallang-wave","THE SOUP SPOON UNION","kallang-wave-mall","Kallang Wave Mall\n\n            #01-41","#01-41"
"tim-ho-wan-plaza-singapura","Tim Ho Wan","plaza-singapura","#UNIT-01-29A--01-52","#01-29A--01-52"

Ready to update 610 records in database.

Done! Updated: 610, Failed: 0
