Outlets with weird unit number patterns (610 total):

id,name,mall_id,level,issue
"boost-juice-bars-bedok-mall","Boost Juice Bars","bedok-mall","#UNIT-01-04","UNIT- prefix"
"hot-tomato-bedok-mall","Hot Tomato","bedok-mall","#UNIT-B1-37-38","UNIT- prefix"
"polar-puffs-cakes-bedok-mall","POLAR Puffs & Cakes","bedok-mall","#UNIT-B2-K5","UNIT- prefix"
"sf-fruits-bedok-mall","SF FRUITS","bedok-mall","#UNIT-B2-K15","UNIT- prefix"
"toast-roll-bedok-mall","Toast & Roll","bedok-mall","#UNIT-B2-15","UNIT- prefix"
"azul-at-golden-village-bugis","AZUL at Golden Village","bugis","#UNIT-05-01","UNIT- prefix"
"marutama-ramen--bugis","Marutama Ra-men ","bugis","#UNIT-04-02","UNIT- prefix"
"koi-the-bugis","KOI THE","bugis","#UNIT-01-01","UNIT- prefix"
"lau-wang-claypot-bugis","LAU WANG CLAYPOT","bugis","#UNIT-04-13","UNIT- prefix"
"alleywei-teppanyaki-bugis-junction","ALLEY.WEI TEPPAN-YAKI","bugis-junction","#UNIT-B1-K23","UNIT- prefix"
"bengawan-solo-bugis-junction","Bengawan Solo","bugis-junction","#UNIT-B1-03A","UNIT- prefix"
"avocadoria-bedok-mall","Avocadoria","bedok-mall","#UNIT-B2-09","UNIT- prefix"
"baskin-robbins-bedok-mall","Baskin Robbins","bedok-mall","#UNIT-B1-K1-K2-K3","UNIT- prefix"
"devil-chicken-bedok-mall","Devil Chicken","bedok-mall","#UNIT-B2-K11","UNIT- prefix"
"chateraise-bedok-mall","Chateraise","bedok-mall","#UNIT-B2-19","UNIT- prefix"
"itacho-sushi--bugis-junction","Itacho Sushi ","bugis-junction","#UNIT-B1-05","UNIT- prefix"
"cravestuffd-bedok-mall","CRAVE/Stuff'd","bedok-mall","#UNIT-B2-22","UNIT- prefix"
"cut-butchery-bedok-mall","Cut Butchery","bedok-mall","#UNIT-B2-52","UNIT- prefix"
"dunkin-donuts-bedok-mall","DUNKIN' DONUTS","bedok-mall","#UNIT-B2-K7","UNIT- prefix"
"four-leaves-bedok-mall","Four Leaves","bedok-mall","#UNIT-B2-56","UNIT- prefix"
"mendon-bedok-mall","MENDON","bedok-mall","#UNIT-B2-27","UNIT- prefix"
"myeureka-bedok-mall","myEureka","bedok-mall","#B2-KIO-02","KIO typo"
"paradise-classic-bedok-mall","Paradise Classic","bedok-mall","#UNIT-B2-10","UNIT- prefix"
"hainan-second-street-bedok-mall","Hainan Second Street","bedok-mall","#UNIT-B2-05-34","UNIT- prefix"
"kebabchi-biryani-bedok-mall","KEBABCHI BIRYANI","bedok-mall","#UNIT-01-12","UNIT- prefix"
"liho-bedok-mall","LiHO","bedok-mall","#UNIT-B2-K16","UNIT- prefix"
"sushiro-bedok-mall","Sushiro","bedok-mall","#UNIT-B1-10","UNIT- prefix"
"subway-bedok-mall","Subway","bedok-mall","#UNIT-01-96","UNIT- prefix"
"smile-martabak-bedok-mall","Smile Martabak","bedok-mall","#UNIT-01-03","UNIT- prefix"
"primadeli-bedok-mall","PrimaDeli","bedok-mall","#UNIT-B2-K6","UNIT- prefix"
"the-coffee-bean-tea-leaf-bedok-mall","The Coffee Bean & Tea Leaf","bedok-mall","#UNIT-01-01","UNIT- prefix"
"ritz-apple-strudel-bedok-mall","Ritz Apple Strudel","bedok-mall","#UNIT-B2-K8","UNIT- prefix"
"coco-ichibanya-bugis","CoCo ICHIBANYA","bugis","#UNIT-01-10","UNIT- prefix"
"astons-specialities-bugis","Astons Specialities","bugis","#UNIT-05-08-08A","UNIT- prefix"
"chickfila-bugis","CHICK-FIL-A","bugis","#UNIT-01-19","UNIT- prefix"
"gelre-bugis","Geláre","bugis","#UNIT-05-10","UNIT- prefix"
"haidilao-hot-pot--bugis","Haidilao Hot Pot 海底捞火锅","bugis","#UNIT-04-10","UNIT- prefix"
"zhang-liang-mala-tang-bedok-mall","Zhang Liang Mala Tang","bedok-mall","#UNIT-B1-09","UNIT- prefix"
"amps-tea-bugis","amps tea","bugis","#UNIT-05-09","UNIT- prefix"
"jco--bugis","J.Co ","bugis","#UNIT-01-03","UNIT- prefix"
"jinjja-chicken-diner-bugis","JINJJA!! CHICKEN DINER","bugis","#UNIT-01-11","UNIT- prefix"
"kanemochi-bugis","KANEMOCHI","bugis","#UNIT-02-50","UNIT- prefix"
"liho-cafe--bugis","LiHo @ Cafe ","bugis","#UNIT-03-29-30","UNIT- prefix"
"meow-barbecue-bugis","Meow Barbecue","bugis","#UNIT-01-17","UNIT- prefix"
"micun-bibimbap-bugis","MICUN Bibimbap","bugis","#UNIT-01-13","UNIT- prefix"
"new-manlee-bak-kut-teh--bugis","New Manlee Bak Kut Teh ","bugis","#UNIT-01-12","UNIT- prefix"
"pizza-maru-bugis","Pizza Maru","bugis","#UNIT-04-03-04","UNIT- prefix"
"pratunam-plus--bugis","Pratunam Plus ","bugis","#UNIT-04-09","UNIT- prefix"
"ramen-champion-bugis","Ramen Champion","bugis","#UNIT-04-07","UNIT- prefix"
"rumel-bugis","rumeL","bugis","#UNIT-01-07","UNIT- prefix"
"scrambled-egg-rice-keisuke-bugis","SCRAMBLED EGG RICE KEISUKE","bugis","#UNIT-04-01","UNIT- prefix"
"sides-bugis","SIDES","bugis","#UNIT-03-25-26","UNIT- prefix"
"sukiya--bugis","SUKI-YA ","bugis","#UNIT-04-14-15","UNIT- prefix"
"umeya-bugis","Umeya","bugis","#UNIT-02-22","UNIT- prefix"
"watami-japanese-dining-bugis","Watami Japanese Dining","bugis","#UNIT-04-05","UNIT- prefix"
"xin-wang-hong-kong-cafe-bugis","Xin Wang Hong Kong Cafe","bugis","#UNIT-01-02-K1","UNIT- prefix"
"xita-lao-taitai-bugis","XITA LAO TAITAI","bugis","#UNIT-04-06","UNIT- prefix"
"yole-0-sugar-added-bugis","YOLE 0% SUGAR ADDED","bugis","#UNIT-03-27","UNIT- prefix"
"the-coffee-bean-tea-leaf-bugis","The Coffee Bean & Tea Leaf","bugis","#UNIT-01-06","UNIT- prefix"
"beutea-bugis-junction","BEUTEA","bugis-junction","#UNIT-M01-K1","UNIT- prefix"
"boost-juice-bars-bugis-junction","Boost Juice Bars","bugis-junction","#UNIT-B1-01A","UNIT- prefix"
"butter-studio-bugis-junction","BUTTER STUDIO","bugis-junction","#UNIT-01-61-61A","UNIT- prefix"
"caica-bugis-junction","cai-ca","bugis-junction","#UNIT-03-08","UNIT- prefix"
"chewy-junior--bugis-junction","Chewy Junior ","bugis-junction","#UNIT-B1-12","UNIT- prefix"
"chocolate-origin--bugis-junction","Chocolate Origin ","bugis-junction","#UNIT-B1-01-02","UNIT- prefix"
"chou-niang-bugis-junction","Chou Niang","bugis-junction","#B1-KIO-10-TO-11","KIO typo"
"daily-chicken-bugis-junction","Daily Chicken","bugis-junction","#UNIT-B1-06","UNIT- prefix"
"four-leaves--bugis-junction","Four Leaves ","bugis-junction","#UNIT-B1-14-15","UNIT- prefix"
"godiva-chocolatier--bugis-junction","GODIVA Chocolatier ","bugis-junction","#UNIT-01-60-60A","UNIT- prefix"
"hey-yakiniku-bugis-junction","Hey! Yakiniku","bugis-junction","#UNIT-01-92-93-94-95-96-97","UNIT- prefix"
"harrys-clarke-quay","Harry’s","clarke-quay","#UNIT-01-01-D","UNIT- prefix"
"helens-clarke-quay","Helen's","clarke-quay","#UNIT-02-03-D","UNIT- prefix"
"here-kitty-kitty-clarke-quay","Here Kitty Kitty","clarke-quay","#UNIT-02-01-03-E","UNIT- prefix"
"the-riverhouse-mimi-yang-club-zorba--clarke-quay","The Riverhouse (Mimi, YANG Club, Zorba)   ","clarke-quay","#UNIT-01-02-A","UNIT- prefix"
"tomo-tokyo-clarke-quay","Tomo Tokyo","clarke-quay","#UNIT-01-04-A","UNIT- prefix"
"verve-pizza-bar-clarke-quay","Verve Pizza Bar","clarke-quay","#UNIT-01-10-D","UNIT- prefix"
"i-love-taimei-bugis-junction","i Love Taimei","bugis-junction","#UNIT-B1-K11-11A","UNIT- prefix"
"hokkaido-baked-cheese-tart-bugis-junction","Hokkaido Baked Cheese Tart","bugis-junction","#UNIT-B1-K06","UNIT- prefix"
"hong-kong-egglet-bugis-junction","Hong Kong Egglet","bugis-junction","#UNIT-B1-K14","UNIT- prefix"
"four-leaves-bukit-panjang-plaza","Four Leaves","bukit-panjang-plaza","#UNIT-01-25","UNIT- prefix"
"lau-wang-claypot-bukit-panjang-plaza","LAU WANG CLAYPOT","bukit-panjang-plaza","#UNIT-03-10A","UNIT- prefix"
"krispy-kreme-bugis-junction","Krispy Kreme","bugis-junction","#UNIT-B1-03B","UNIT- prefix"
"lavender-bugis-junction","Lavender","bugis-junction","#UNIT-B1-23","UNIT- prefix"
"lenu-chef-wais-noodle-bar-bugis-junction","LeNu Chef Wai’s Noodle Bar","bugis-junction","#UNIT-B1-22","UNIT- prefix"
"ma-maison-bugis-junction","Ma Maison","bugis-junction","#UNIT-02-51","UNIT- prefix"
"maru-mochi-bugis-junction","MARU MOCHI","bugis-junction","#UNIT-B1-12A","UNIT- prefix"
"miam-miam-bugis-junction","Miam Miam","bugis-junction","#UNIT-02-14","UNIT- prefix"
"seoul-garden--bugis-junction","Seoul Garden ","bugis-junction","#UNIT-02-52-52A","UNIT- prefix"
"mm--bugis-junction","MM 满巍明生炸鸡架 ","bugis-junction","#UNIT-B1-K05","UNIT- prefix"
"mrs-banana-bugis-junction","MRS BANANA","bugis-junction","#UNIT-B1-K09","UNIT- prefix"
"nam-kee-jb-handmade-pau--bugis-junction","Nam Kee JB Handmade Pau ","bugis-junction","#UNIT-B1-K14","UNIT- prefix"
"nunsaram-korean-dessert-cafe-bugis-junction","Nunsaram Korean Dessert Cafe","bugis-junction","#UNIT-01-70","UNIT- prefix"
"paris-baguette-cafe-bugis-junction","PARIS BAGUETTE Cafe","bugis-junction","#UNIT-B1-24-25","UNIT- prefix"
"ritz-apple-strudel-bugis-junction","Ritz Apple Strudel","bugis-junction","#UNIT-B1-K12","UNIT- prefix"
"starbucks-bugis-junction","Starbucks","bugis-junction","#UNIT-01-106","UNIT- prefix"
"the-coffee-bean-tea-leaf-bugis-junction","The Coffee Bean & Tea Leaf","bugis-junction","#UNIT-03-10H","UNIT- prefix"
"shinfuni--bugis-junction","Shinfuni 幸芙妮","bugis-junction","#UNIT-B1-K04","UNIT- prefix"
"snackz-it--bugis-junction","Snackz It! 可口味","bugis-junction","#UNIT-B1-K5A","UNIT- prefix"
"tangled-fresh-pasta-to-go-bugis-junction","Tangled Fresh Pasta To Go","bugis-junction","#UNIT-B1-K10","UNIT- prefix"
"the-canteen-by-tin-box-bugis-junction","The Canteen by Tin Box","bugis-junction","#UNIT-01-71-72","UNIT- prefix"
"tanyu-bugis-junction","TANYU","bugis-junction","#UNIT-02-45","UNIT- prefix"
"thachang-sg-bugis-junction","THACHANG SG","bugis-junction","#UNIT-02-46","UNIT- prefix"
"tip-top-bugis-junction","Tip Top","bugis-junction","#UNIT-01-68-A","UNIT- prefix"
"tokyo-shokudo-bistro-bugis-junction","Tokyo Shokudo Bistro","bugis-junction","#UNIT-B1-07","UNIT- prefix"
"tori-sanwa--bugis-junction","TORI SANWA 鶏三和","bugis-junction","#UNIT-B1-K21-K22","UNIT- prefix"
"xiaolongkan-hotpot-bugis-junction","XiaoLongKan Hotpot","bugis-junction","#UNIT-02-54","UNIT- prefix"
"zhang-liang-mala-tang-bugis-junction","Zhang Liang Mala Tang","bugis-junction","#UNIT-01-90-91","UNIT- prefix"
"capital--clarke-quay","Capital ","clarke-quay","#UNIT-01-05--02-06","UNIT- prefix"
"chapters-by-drinks-co--clarke-quay","Chapters by Drinks & Co. ","clarke-quay","#UNIT-01-08-D","UNIT- prefix"
"chupitos-clarke-quay","Chupitos","clarke-quay","#UNIT-01-01-E","UNIT- prefix"
"cuba-libre-cafe-bar-clarke-quay","Cuba Libre Cafe & Bar","clarke-quay","#UNIT-01-03-04-E","UNIT- prefix"
"fu-lin-restaurant-bar-clarke-quay","Fu Lin Restaurant & Bar","clarke-quay","#UNIT-01-02-D","UNIT- prefix"
"fu-yuan-teochew-dining-clarke-quay","Fu Yuan Teochew Dining","clarke-quay","#UNIT-01-01C-01D-A","UNIT- prefix"
"grand-konak-turkish-and-lebanese-cuisine-clarke-quay","Grand Konak Turkish and Lebanese Cuisine","clarke-quay","#UNIT-01-05-D","UNIT- prefix"
"hanjip-korean-grill-house-clarke-quay","Hanjip Korean Grill House","clarke-quay","#UNIT-01-11-C","UNIT- prefix"
"hooters-singapore-clarke-quay","Hooters Singapore","clarke-quay","#UNIT-01-03-D","UNIT- prefix"
"il-clay-supper-club-clarke-quay","IL Clay Supper Club","clarke-quay","#UNIT-01-04-D","UNIT- prefix"
"incredi-bowl-clarke-quay","iNCREDi BOWL","clarke-quay","#UNIT-01-07A--D--01-12-D","UNIT- prefix"
"jules-epicurean-french-cuisine-clarke-quay","Jules Epicurean French Cuisine","clarke-quay","#UNIT-01-05A-D","UNIT- prefix"
"little-saigon-clarke-quay","Little Saigon","clarke-quay","#UNIT-01-02-E","UNIT- prefix"
"mimi-restaurant-clarke-quay","Mimi Restaurant","clarke-quay","#UNIT-01-02-A","UNIT- prefix"
"nana-thai-royale-clarke-quay","Nana Thai Royale","clarke-quay","#UNIT-01-06-A","UNIT- prefix"
"octapas-by-el-mesa-clarke-quay","Octapas by El Mesa","clarke-quay","#UNIT-01-07-E","UNIT- prefix"
"overscoop-clarke-quay","Overscoop","clarke-quay","#UNIT-01-01-A","UNIT- prefix"
"phuture-clarke-quay","Phuture","clarke-quay","#UNIT-01-05--02-06","UNIT- prefix"
"red-house-seafood-nanyang-clarke-quay","Red House Seafood Nanyang","clarke-quay","#UNIT-01-02-03--01--07-08","UNIT- prefix"
"redtail-bar-by-zouk-clarke-quay","RedTail Bar By Zouk","clarke-quay","#UNIT-01-04","UNIT- prefix"
"rico-rico--clarke-quay","Rico Rico ","clarke-quay","#UNIT-01-07-D","UNIT- prefix"
"seafood-paradise-clarke-quay","Seafood Paradise","clarke-quay","#UNIT-01-03-A","UNIT- prefix"
"senor-taco-clarke-quay","Señor Taco","clarke-quay","#UNIT-01-00-A","UNIT- prefix"
"simply-retro-by-tin-box-cq-clarke-quay","Simply Retro by Tin Box @ CQ","clarke-quay","#UNIT-03-01-A","UNIT- prefix"
"the-coffee-scene-clarke-quay","The Coffee Scene","clarke-quay","#UNIT-01-09-D","UNIT- prefix"
"warehouse-clarke-quay","WAREHOUSE","clarke-quay","#UNIT-01-09-C","UNIT- prefix"
"yang-club-clarke-quay","YANG Club","clarke-quay","#UNIT-01-02-A","UNIT- prefix"
"zouk-clarke-quay","Zouk","clarke-quay","#UNIT-01-05--02-06","UNIT- prefix"
"arabisk-bukit-panjang-plaza","ARABISK","bukit-panjang-plaza","#UNIT-01-55","UNIT- prefix"
"bee-cheng-hiang-bukit-panjang-plaza","Bee Cheng Hiang","bukit-panjang-plaza","#UNIT-01-24","UNIT- prefix"
"bengawan-solo-bukit-panjang-plaza","Bengawan Solo","bukit-panjang-plaza","#UNIT-01-66-67","UNIT- prefix"
"bibimbap-dosirak-bukit-panjang-plaza","Bibimbap! / Dosirak!","bukit-panjang-plaza","#UNIT-01-41","UNIT- prefix"
"bober-tea--bukit-panjang-plaza","Bober Tea ","bukit-panjang-plaza","#UNIT-01-23","UNIT- prefix"
"boost-juice-bars-bukit-panjang-plaza","Boost Juice Bars","bukit-panjang-plaza","#UNIT-01-20","UNIT- prefix"
"chinatown-tans-tutu-coconut-cake-bukit-panjang-plaza","Chinatown Tan's Tutu Coconut Cake","bukit-panjang-plaza","#UNIT-02-K5","UNIT- prefix"
"cravy-for-crispy-chicken-bukit-panjang-plaza","Cravy For Crispy Chicken","bukit-panjang-plaza","#UNIT-01-40","UNIT- prefix"
"swee-heng-bakery-bukit-panjang-plaza","Swee Heng Bakery","bukit-panjang-plaza","#UNIT-01-22","UNIT- prefix"
"shan-cheng-bukit-panjang-plaza","Shan Cheng","bukit-panjang-plaza","#UNIT-01-56-57","UNIT- prefix"
"micun-bibimbap-bukit-panjang-plaza","MICUN Bibimbap","bukit-panjang-plaza","#UNIT-02-17A-17","UNIT- prefix"
"mixue-bukit-panjang-plaza","MIXUE","bukit-panjang-plaza","#UNIT-02-08","UNIT- prefix"
"nene-chicken-bukit-panjang-plaza","NENE CHICKEN","bukit-panjang-plaza","#UNIT-02-10","UNIT- prefix"
"playmade-bukit-panjang-plaza","PlayMade","bukit-panjang-plaza","#UNIT-01-17","UNIT- prefix"
"yakiniku-like-bukit-panjang-plaza","Yakiniku Like","bukit-panjang-plaza","#UNIT-02-16","UNIT- prefix"
"tonkotsu-kazan-bukit-panjang-plaza","Tonkotsu Kazan","bukit-panjang-plaza","#UNIT-01-64-65","UNIT- prefix"
"wine-connection-bukit-panjang-plaza","Wine Connection","bukit-panjang-plaza","#UNIT-02-K4-K5","UNIT- prefix"
"yu-ding-bukit-panjang-plaza","Yu Ding","bukit-panjang-plaza","#UNIT-01-44","UNIT- prefix"
"taste-of-indonesia-bukit-panjang-plaza","Taste of Indonesia","bukit-panjang-plaza","#UNIT-01-42","UNIT- prefix"
"xi-men-jie-bukit-panjang-plaza","Xi Men Jie","bukit-panjang-plaza","#UNIT-01-60-61","UNIT- prefix"
"yes-lemon-bukit-panjang-plaza","Yes Lemon","bukit-panjang-plaza","#UNIT-02-22","UNIT- prefix"
"sushi-zanmai-imm","Sushi Zanmai","imm","#UNIT-02-23","UNIT- prefix"
"joe-dough-republic-plaza-republic-plaza","Joe & Dough, Republic Plaza","republic-plaza","#02 - 03","spaces around dash"
"unaga--imm","UNAGA ","imm","#UNIT-01-36","UNIT- prefix"
"chocolate-origin-junction-8","Chocolate Origin","junction-8","#UNIT-02-33","UNIT- prefix"
"koi-th-junction-8","KOI Thé","junction-8","#UNIT-02-26","UNIT- prefix"
"liho-junction-8","LiHO","junction-8","#UNIT-02-18A","UNIT- prefix"
"burger-king-plaza-singapura","BURGER KING","plaza-singapura","#UNIT-B1-11","UNIT- prefix"
"taiwan-fullhouse-junction-8","Taiwan Fullhouse","junction-8","#UNIT-02-20A-21","UNIT- prefix"
"koi-the-plaza-singapura","KOI THE","plaza-singapura","#UNIT-B2-11","UNIT- prefix"
"chicha-san-chen--plaza-singapura","CHICHA San Chen (吃茶三千)","plaza-singapura","#UNIT-B1-K7","UNIT- prefix"
"chiyoda-sushi-plaza-singapura","Chiyoda Sushi","plaza-singapura","#UNIT-B2-56","UNIT- prefix"
"talad-thai-banana-plaza-singapura","TALAD THAI BANANA","plaza-singapura","#UNIT-B2-42","UNIT- prefix"
"myeureka-plaza-singapura","myEureka","plaza-singapura","#UNIT-B1-K4","UNIT- prefix"
"mamma-mia-trattoria-e-caffe--plaza-singapura","Mamma Mia! Trattoria E Caffe ","plaza-singapura","#UNIT-03-79--03-83","UNIT- prefix"
"encik-tan-kallang-wave","ENCIK TAN","kallang-wave-mall","Kallang Wave Mall              #01-32","other"
"tamoya-udon-plaza-singapura","Tamoya Udon","plaza-singapura","#UNIT-06-11-12","UNIT- prefix"
"cinnabon-raffles-city","CINNABON","raffles-city","#UNIT-B1-60","UNIT- prefix"
"osaka-ohsho-raffles-city","Osaka Ohsho","raffles-city","#UNIT-B1-75","UNIT- prefix"
"spicy-noodle--raffles-city","SPICY NOODLE 銷魂麵舖","raffles-city","#UNIT-B1-38","UNIT- prefix"
"sufood-raffles-city","Sufood","raffles-city","#UNIT-02-19-21","UNIT- prefix"
"pastamania-kallang-wave","PASTAMANIA","kallang-wave-mall","Kallang Wave Mall              #01-21/K10","other"
"kenangan-coffee-imm","Kenangan Coffee","imm","#UNIT-01-22A","UNIT- prefix"
"the-stamford-brasserie-raffles-city","The Stamford Brasserie","raffles-city","#UNIT-01-SWISSOTEL","UNIT- prefix"
"tiong-bahru-bakery-diner-raffles-city","Tiong Bahru Bakery DINER","raffles-city","#UNIT-B1-11","UNIT- prefix"
"tokyo-milk-cheese-factory-raffles-city","Tokyo Milk Cheese Factory","raffles-city","#UNIT-B1-73","UNIT- prefix"
"balithai-imm","BALIthai","imm","#UNIT-01-21","UNIT- prefix"
"bantianyao-grilled-fish--imm","BANTIANYAO GRILLED FISH 半天妖烤鱼","imm","#UNIT-01-22","UNIT- prefix"
"do-qoo--imm","Do Qoo 豆趣 ","imm","#UNIT-01-37","UNIT- prefix"
"ecreative-cake-imm","eCreative Cake","imm","#UNIT-01-40","UNIT- prefix"
"four-leaves-imm","Four Leaves","imm","#UNIT-01-44-45","UNIT- prefix"
"fu-lin-fried-yong-tofu-imm","Fu Lin Fried Yong Tofu","imm","#UNIT-01-47","UNIT- prefix"
"haidilao-hot-pot--imm","Haidilao Hot Pot 海底捞火锅","imm","#UNIT-03-01","UNIT- prefix"
"hainan-second-street-imm","Hainan Second Street","imm","#UNIT-02-38-38A","UNIT- prefix"
"hong-kong-egglet-nam-kee-jb-handmade-pau-imm","Hong Kong Egglet & Nam Kee JB Handmade Pau","imm","#UNIT-01-K01","UNIT- prefix"
"koi-th-imm","KOI Thé","imm","#UNIT-01-58","UNIT- prefix"
"krispy-kreme-imm","Krispy Kreme","imm","#UNIT-01-K06","UNIT- prefix"
"burger-king-imm","BURGER KING","imm","#UNIT-01-51","UNIT- prefix"
"liho-imm","LiHO","imm","#UNIT-01-K12","UNIT- prefix"
"llaollao-imm","llaollao","imm","#UNIT-01-42","UNIT- prefix"
"makan-street--imm","Makan Street 福满街","imm","#UNIT-03-55","UNIT- prefix"
"mrs-banana-imm","MRS BANANA","imm","#UNIT-01-41","UNIT- prefix"
"pasta-express--imm","PASTA EXPRESS +","imm","#UNIT-01-K04","UNIT- prefix"
"beutea-junction-8","BEUTEA","junction-8","#UNIT-02-30","UNIT- prefix"
"swee-heng-1989-classic-imm","SWEE HENG 1989 Classic","imm","#UNIT-01-83","UNIT- prefix"
"wan-chai-hong-kong-tea-room-imm","Wan Chai Hong Kong Tea Room","imm","#UNIT-03-51","UNIT- prefix"
"ambush-junction-8","Ambush","junction-8","#UNIT-02-19-20--02-27","UNIT- prefix"
"bbq-express-junction-8","BBQ Express","junction-8","#UNIT-B1-K10-K11","UNIT- prefix"
"bee-cheng-hiang-junction-8","Bee Cheng Hiang","junction-8","#UNIT-B1-13","UNIT- prefix"
"bengawan-solo-junction-8","Bengawan Solo","junction-8","#UNIT-B1-02","UNIT- prefix"
"lee-wee-brothers-tampines-mall","Lee Wee & Brothers","tampines-mall","#UNIT-B1-K6","UNIT- prefix"
"lao-huo-tang-signature-tampines-mall","Lao Huo Tang Signature","tampines-mall","#UNIT-B1-01--B1-27","UNIT- prefix"
"boost-juice-bars-junction-8","Boost Juice Bars","junction-8","#UNIT-B1-K1","UNIT- prefix"
"breadtalk-junction-8","BreadTalk","junction-8","#UNIT-01-35-36","UNIT- prefix"
"chagee-junction-8","CHAGEE","junction-8","#UNIT-01-10-11","UNIT- prefix"
"nam-kee-pau-bedok-mall","Nam Kee Pau","bedok-mall","#UNIT-B2-K25","UNIT- prefix"
"four-leaves--lot-one","Four Leaves ","lot-one","#UNIT-B1-K14-K15--B1-20","UNIT- prefix"
"fei-siong-junction-8","Fei Siong","junction-8","#UNIT-B1-K9","UNIT- prefix"
"four-leaves-junction-8","Four Leaves","junction-8","#UNIT-B1-10","UNIT- prefix"
"grub-junction-8","GRUB","junction-8","#UNIT-01-38","UNIT- prefix"
"stuffd-junction-8","stuff'd","junction-8","#UNIT-B1-19A","UNIT- prefix"
"seoul-noodle-junction-8","Seoul Noodle","junction-8","#UNIT-01-19","UNIT- prefix"
"mister-donut-junction-8","Mister Donut","junction-8","#UNIT-02-27A","UNIT- prefix"
"nine-fresh--junction-8","NINE FRESH 九鲜","junction-8","#UNIT-B1-K12","UNIT- prefix"
"nunsaram-korean-dessert-cafe-junction-8","Nunsaram Korean Dessert Cafe","junction-8","#UNIT-02-52","UNIT- prefix"
"polar-puffs-cakes-junction-8","POLAR Puffs & Cakes","junction-8","#UNIT-B1-K2","UNIT- prefix"
"ritz-apple-strudel-junction-8","Ritz Apple Strudel","junction-8","#UNIT-B1-K3","UNIT- prefix"
"saybons-french-food-factory-junction-8","Saybons French Food Factory","junction-8","#UNIT-02-43","UNIT- prefix"
"serangoon-bbq-curry-since-1983-junction-8","Serangoon BBQ & Curry since 1983","junction-8","#UNIT-B1-26","UNIT- prefix"
"sf-fruits-junction-8","SF FRUITS","junction-8","#UNIT-B1-K7","UNIT- prefix"
"sushi-gogo-junction-8","SUSHI GOGO","junction-8","#UNIT-B1-23","UNIT- prefix"
"wunderfolks-lot-one","Wunderfolks","lot-one","#UNIT-B1-K18","UNIT- prefix"
"encik-tan-bedok-mall","Encik Tan","bedok-mall","#UNIT-B1-41-42","UNIT- prefix"
"talad-thai-banana-junction-8","TALAD THAI BANANA","junction-8","#UNIT-B1-K15","UNIT- prefix"
"watami-japanese-dining-junction-8","WATAMI Japanese Dining","junction-8","#UNIT-01-33","UNIT- prefix"
"50-taste-of-tradition-plaza-singapura","50 年 Taste Of Tradition","plaza-singapura","#UNIT-B2-58","UNIT- prefix"
"aki-sushi-grill-plaza-singapura","Aki Sushi & Grill","plaza-singapura","#UNIT-B2-40","UNIT- prefix"
"alchemist-plaza-singapura","Alchemist","plaza-singapura","#UNIT-01-50","UNIT- prefix"
"arteastiq-depatio-plaza-singapura","Arteastiq DePatio","plaza-singapura","#UNIT-03-70-71-72","UNIT- prefix"
"auntie-annes-plaza-singapura","Auntie Anne's","plaza-singapura","#UNIT-B2-37","UNIT- prefix"
"bashu-sichuan-cuisine-plaza-singapura","Bashu Sichuan Cuisine","plaza-singapura","#UNIT-06-07","UNIT- prefix"
"beard-papas-plaza-singapura","Beard Papa's","plaza-singapura","#UNIT-B2-27-28","UNIT- prefix"
"bengawan-solo-plaza-singapura","Bengawan Solo","plaza-singapura","#UNIT-B2-59","UNIT- prefix"
"boost-juice-bars-plaza-singapura","Boost Juice Bars","plaza-singapura","#UNIT-B2-55","UNIT- prefix"
"breadtalk-plaza-singapura","BreadTalk","plaza-singapura","#UNIT-B2-26","UNIT- prefix"
"cafemeal-muji-plaza-singapura","Café&Meal MUJI","plaza-singapura","#UNIT-01-10-TO-17","UNIT- prefix"
"cajun-on-wheels-plaza-singapura","Cajun On Wheels","plaza-singapura","#UNIT-03-92","UNIT- prefix"
"cellarbration-plaza-singapura","Cellarbration","plaza-singapura","#UNIT-B2-63","UNIT- prefix"
"c-chung-plaza-singapura","Cô Chung","plaza-singapura","#UNIT-B2-20","UNIT- prefix"
"daxi--plaza-singapura","DaXi 大喜","plaza-singapura","#UNIT-B1-08","UNIT- prefix"
"dunkin-donuts-plaza-singapura","DUNKIN' DONUTS","plaza-singapura","#UNIT-B2-57","UNIT- prefix"
"emicakes-plaza-singapura","Emicakes","plaza-singapura","#UNIT-B2-60","UNIT- prefix"
"epidor-plaza-singapura","Epid’or","plaza-singapura","#UNIT-B2-24","UNIT- prefix"
"gyogyo-japanese-grilled-fish-sukiyaki-plaza-singapura","GyoGyo Japanese Grilled Fish & Sukiyaki","plaza-singapura","#UNIT-06-08-09-10","UNIT- prefix"
"haidilao-hot-pot--plaza-singapura","Haidilao Hot Pot 海底捞火锅","plaza-singapura","#UNIT-04-20","UNIT- prefix"
"ke-ming--plaza-singapura","KE MING 克茗冰室","plaza-singapura","#UNIT-B2-01","UNIT- prefix"
"killiney-since-1919-plaza-singapura","Killiney Since 1919","plaza-singapura","#UNIT-B2-35-36","UNIT- prefix"
"kin-no-mame-plaza-singapura","Kin No Mame","plaza-singapura","#UNIT-B1-K3--02-34","UNIT- prefix"
"llaollao-plaza-singapura","llaollao","plaza-singapura","#UNIT-B2-08","UNIT- prefix"
"nanas-green-tea-plaza-singapura","Nana's Green Tea","plaza-singapura","#UNIT-03-80--03-82","UNIT- prefix"
"nanjing-impressions-plaza-singapura","Nanjing Impressions","plaza-singapura","#UNIT-04-46-TO-51","UNIT- prefix"
"paper-rice-vietnamese-kitchen-plaza-singapura","Paper Rice Vietnamese Kitchen","plaza-singapura","#UNIT-01-55","UNIT- prefix"
"paperbakes-plaza-singapura","PaperBakes","plaza-singapura","#UNIT-03-21","UNIT- prefix"
"pm-by-pizza-maru-chego-by-seoul-yummy--plaza-singapura","PM+ by Pizza Maru / Chego by Seoul Yummy ","plaza-singapura","#UNIT-04-64-66","UNIT- prefix"
"secret-recipe-plaza-singapura","Secret Recipe","plaza-singapura","#UNIT-03-18","UNIT- prefix"
"snackz-it--plaza-singapura","Snackz It! 可口味","plaza-singapura","#UNIT-B2-46","UNIT- prefix"
"seorae-jib-plaza-singapura","SEORAE JIB","plaza-singapura","#UNIT-02-01","UNIT- prefix"
"bee-cheng-hiang-raffles-city","Bee Cheng Hiang","raffles-city","#UNIT-B1-59","UNIT- prefix"
"tsukada-nojo-plaza-singapura","Tsukada Nojo","plaza-singapura","#UNIT-03-81","UNIT- prefix"
"typhoon-cafe-plaza-singapura","Typhoon Cafe","plaza-singapura","#UNIT-04-63--04-67","UNIT- prefix"
"ygf-malatang-plaza-singapura","YGF MALATANG","plaza-singapura","#UNIT-B2-52--B2-54","UNIT- prefix"
"yole-0-sugar-added-plaza-singapura","YOLE 0% SUGAR ADDED","plaza-singapura","#UNIT-01-22A","UNIT- prefix"
"alice-boulangerie-and-restaurant-raffles-city","ALICE BOULANGERIE AND RESTAURANT","raffles-city","#UNIT-01-22A","UNIT- prefix"
"antidote-raffles-city","ANTI:DOTE","raffles-city","#UNIT-01-FAIRMONT","UNIT- prefix"
"asia-grand-restaurant-raffles-city","Asia Grand Restaurant","raffles-city","#UNIT-03-22B","UNIT- prefix"
"asian-market-cafe-raffles-city","Asian Market Cafe","raffles-city","#UNIT-02-FAIRMONT","UNIT- prefix"
"bacha-coffee-raffles-city","Bacha Coffee","raffles-city","#UNIT-01-38-39","UNIT- prefix"
"bengawan-solo-raffles-city","Bengawan Solo","raffles-city","#UNIT-B1-02A","UNIT- prefix"
"munchi-pancakes-bedok-mall","munchi PANCAKES","bedok-mall","#UNIT-B2-K12","UNIT- prefix"
"boost-juice-bars-raffles-city","Boost Juice Bars","raffles-city","#UNIT-B1-51","UNIT- prefix"
"breadtalk-raffles-city","BreadTalk","raffles-city","#UNIT-B1-44A","UNIT- prefix"
"brotherbird-bakehouse-raffles-city","BROTHERBIRD BAKEHOUSE","raffles-city","#UNIT-B1-67","UNIT- prefix"
"brotzeit-raffles-city","Brotzeit","raffles-city","#UNIT-01-17","UNIT- prefix"
"cafemeal-muji-raffles-city","Café&Meal MUJI","raffles-city","#UNIT-02-20--02-22","UNIT- prefix"
"casa-vostra-raffles-city","Casa Vostra","raffles-city","#UNIT-01-49-50-51","UNIT- prefix"
"clove-raffles-city","CLOVE","raffles-city","#UNIT-02-SWISSOTEL","UNIT- prefix"
"epidor-raffles-city","Epid’or","raffles-city","#UNIT-B1-44","UNIT- prefix"
"fieldnotes-raffles-city","Fieldnotes","raffles-city","#UNIT-B1-68","UNIT- prefix"
"garrett-popcorn-shops-raffles-city","Garrett Popcorn Shops","raffles-city","#UNIT-B1-29","UNIT- prefix"
"go-ba--raffles-city","Go Ba! 果霸茶","raffles-city","#UNIT-B1-69","UNIT- prefix"
"go-unique-go-noodle-house-raffles-city","GO UNIQUE - 有间面馆 GO NOODLE HOUSE","raffles-city","#UNIT-B1-12","UNIT- prefix"
"godiva-chocolatier--raffles-city","GODIVA Chocolatier ","raffles-city","#UNIT-B1-K1-K2","UNIT- prefix"
"gyukatsu-kyoto-katsugyu--raffles-city","Gyukatsu Kyoto Katsugyu 牛かつ 京都勝牛","raffles-city","#UNIT-B1-63-64","UNIT- prefix"
"homm-dessert-at-heart-raffles-city","Homm Dessert at Heart","raffles-city","#UNIT-B1-12","UNIT- prefix"
"hyangtogol-raffles-city","Hyang-To-Gol","raffles-city","#UNIT-B1-74","UNIT- prefix"
"ho-kee-pau-bedok-mall","Ho Kee Pau","bedok-mall","#UNIT-B2-K3","UNIT- prefix"
"koji-sushi-bar--raffles-city","Koji Sushi Bar ","raffles-city","#UNIT-03-28A","UNIT- prefix"
"lee-wee-brothers-foodstuff-raffles-city","Lee Wee & Brothers' Foodstuff","raffles-city","#UNIT-B1-57","UNIT- prefix"
"lucia-the-brownie-bar-raffles-city","LUCIA The Brownie Bar","raffles-city","#UNIT-B1-70","UNIT- prefix"
"lderach-chocolatier-suisse-raffles-city","Läderach Chocolatier Suisse","raffles-city","#UNIT-B1-48","UNIT- prefix"
"nespresso-raffles-city","Nespresso","raffles-city","#UNIT-01-16","UNIT- prefix"
"paperbakes-raffles-city","PaperBakes","raffles-city","#UNIT-B1-80","UNIT- prefix"
"paris-baguette-x-teatra-raffles-city","Paris Baguette x teatra","raffles-city","#UNIT-01-46-46A-47-48","UNIT- prefix"
"poult--raffles-city","Poulét ","raffles-city","#UNIT-B1-65-66","UNIT- prefix"
"prego-raffles-city","Prego","raffles-city","#UNIT-01-FAIRMONT","UNIT- prefix"
"putien-restaurant-raffles-city","PUTIEN Restaurant","raffles-city","#UNIT-02-18","UNIT- prefix"
"rive-gauche-patisserie-raffles-city","Rive Gauche Patisserie","raffles-city","#UNIT-B1-50","UNIT- prefix"
"royce-raffles-city","ROYCE'","raffles-city","#UNIT-B1-23","UNIT- prefix"
"old-chang-kee-bedok-mall","Old Chang Kee","bedok-mall","#UNIT-B2-K4","UNIT- prefix"
"tai-cheong-bakery-raffles-city","Tai Cheong Bakery","raffles-city","#UNIT-B1-58","UNIT- prefix"
"talad-thai-banana-raffles-city","TALAD THAI BANANA","raffles-city","#UNIT-B1-54","UNIT- prefix"
"taste-ipoh-raffles-city","Taste Ipoh","raffles-city","#UNIT-B1-81","UNIT- prefix"
"tenjin-raffles-city","Tenjin","raffles-city","#UNIT-B1-46","UNIT- prefix"
"thaiexpress-raffles-city","ThaiExpress","raffles-city","#UNIT-B1-77","UNIT- prefix"
"the-cocoa-trees-raffles-city","The Cocoa Trees","raffles-city","#UNIT-B1-43","UNIT- prefix"
"the-cookie-museum-raffles-city","The Cookie Museum","raffles-city","#UNIT-B1-K4","UNIT- prefix"
"the-eight-raffles-city","The Eight","raffles-city","#UNIT-08-FAIRMONT","UNIT- prefix"
"the-food-place-by-food-republic-raffles-city","The Food Place by Food Republic","raffles-city","#UNIT-03-15-16-17","UNIT- prefix"
"the-coffee-bean-tea-leaf-raffles-city","The Coffee Bean & Tea Leaf","raffles-city","#UNIT-01-45-45A","UNIT- prefix"
"tori-sanwa--raffles-city","TORI SANWA 鶏三和","raffles-city","#UNIT-B1-75","UNIT- prefix"
"twg-tea-salon-boutique-raffles-city","TWG Tea Salon & Boutique","raffles-city","#UNIT-01-SWISSOTEL","UNIT- prefix"
"wooloomooloo-steak-house-raffles-city","Wooloomooloo Steak House","raffles-city","#UNIT-03-SWISSOTEL","UNIT- prefix"
"bee-cheng-hiang-tampines-mall","Bee Cheng Hiang","tampines-mall","#UNIT-B1-14","UNIT- prefix"
"bengawan-solo-tampines-mall","Bengawan Solo","tampines-mall","#UNIT-B1-15","UNIT- prefix"
"breadtalk-tampines-mall","BreadTalk","tampines-mall","#UNIT-01-32","UNIT- prefix"
"cellarbration-tampines-mall","Cellarbration","tampines-mall","#UNIT-B1-K24","UNIT- prefix"
"cut-butchery-tampines-mall","Cut Butchery","tampines-mall","#UNIT-B1-16","UNIT- prefix"
"do-qoo--tampines-mall","Do Qoo 豆趣 ","tampines-mall","#UNIT-B1-K19","UNIT- prefix"
"famous-amos-tampines-mall","Famous Amos","tampines-mall","#UNIT-B1-K15","UNIT- prefix"
"fei-siong-tampines-mall","Fei Siong","tampines-mall","#UNIT-B1-K9","UNIT- prefix"
"four-leaves-tampines-mall","Four Leaves","tampines-mall","#UNIT-B1-22","UNIT- prefix"
"ging-sun-ho-king-of-bun-tampines-mall","Ging Sun Ho King of Bun","tampines-mall","#UNIT-B1-K17","UNIT- prefix"
"jco-tampines-mall","J.Co","tampines-mall","#UNIT-01-38","UNIT- prefix"
"pastamania-tampines-mall","PASTAMANIA","tampines-mall","#UNIT-04-21-22","UNIT- prefix"
"legendary-hong-kong-tampines-mall","Legendary Hong Kong","tampines-mall","#UNIT-B1-11","UNIT- prefix"
"liho-tampines-mall","LiHO","tampines-mall","#UNIT-B1-K5","UNIT- prefix"
"polar-puffs-cakes-tampines-mall","POLAR Puffs & Cakes","tampines-mall","#UNIT-B1-K14","UNIT- prefix"
"putien-restaurant-tampines-mall","PUTIEN Restaurant","tampines-mall","#UNIT-02-02","UNIT- prefix"
"royce-tampines-mall","ROYCE","tampines-mall","#UNIT-B1-21","UNIT- prefix"
"seorae-jib-pocha-korean-street-dining-tampines-mall","Seorae Jib / Pocha! Korean Street Dining","tampines-mall","#UNIT-B1-02","UNIT- prefix"
"sushi-zanmai-tampines-mall","Sushi Zanmai","tampines-mall","#UNIT-04-32","UNIT- prefix"
"tai-chong-kok-tampines-mall","Tai Chong Kok","tampines-mall","#UNIT-B1-K11","UNIT- prefix"
"tanjong-rhu-pau-tampines-mall","Tanjong Rhu Pau","tampines-mall","#UNIT-B1-K10","UNIT- prefix"
"al-capones-kallang-wave","AL CAPONE'S","kallang-wave-mall","Kallang Wave Mall              #01-15","other"
"amps-tea-lickers-kallang-wave","amps tea+ | Lickers","kallang-wave-mall","Kallang Wave Mall              #01-10","other"
"bar-soccer-kallang-wave","Bar Soccer","kallang-wave-mall","Kallang Wave Mall              #01-13/K5","other"
"blue-fern-grill-sake-kallang-wave","BLUE FERN GRILL & SAKE","kallang-wave-mall","Kallang Wave Mall              #01-20","other"
"boost-juice-bars-kallang-wave","Boost Juice Bars","kallang-wave-mall","Kallang Wave Mall              #02-13","other"
"chicha-san-chen-kallang-wave","CHICHA SAN CHEN","kallang-wave-mall","Kallang Wave Mall              #01-52","other"
"chocolate-origin-with-cacaocat-kallang-wave","CHOCOLATE ORIGIN WITH CACAOCAT","kallang-wave-mall","Kallang Wave Mall              #01-31","other"
"good-cheer-2-kallang-wave","GOOD CHEER 2","kallang-wave-mall","Kallang Wave Mall              #01-14","other"
"gourmet-pizza-to-go-kallang-wave","GOURMET PIZZA TO GO","kallang-wave-mall","Kallang Wave Mall              #01-43","other"
"-seafood-hk-dim-sum-express-kallang-wave","极鲜 SEAFOOD & HK DIM SUM EXPRESS","kallang-wave-mall","Kallang Wave Mall              #02-15/16A","other"
"mk-levure-naturelle-kallang-wave","MK LEVURE NATURELLE","kallang-wave-mall","Kallang Wave Mall              #01-30","other"
"omoomo-kallang-wave","OMOOMO","kallang-wave-mall","Kallang Wave Mall              #01-40","other"
"seoul-yummy-chego-kallang-wave","SEOUL YUMMY CHEGO","kallang-wave-mall","Kallang Wave Mall              #01-47","other"
"sukiya-kallang-wave","SUKI-YA","kallang-wave-mall","Kallang Wave Mall              #01-35","other"
"tiara-waterfront-kallang-wave","TIARA WATERFRONT","kallang-wave-mall","Singapore Indoor Stadium              #01-05","other"
"yol-tampines-mall","Yolé","tampines-mall","#UNIT-B1-K12","UNIT- prefix"
"bbq-express-lot-one","BBQ Express","lot-one","#UNIT-B1-K33","UNIT- prefix"
"bee-cheng-hiang-lot-one","Bee Cheng Hiang","lot-one","#UNIT-B1-K11-K12","UNIT- prefix"
"bengawan-solo-lot-one","Bengawan Solo","lot-one","#UNIT-B1-14","UNIT- prefix"
"boost-juice-bars-lot-one","Boost Juice Bars","lot-one","#UNIT-B1-K17","UNIT- prefix"
"chicha-san-chen--lot-one","CHICHA San Chen (吃茶三千) ","lot-one","#UNIT-01-05","UNIT- prefix"
"cococane-lot-one","CocoCane","lot-one","#UNIT-B1-K6","UNIT- prefix"
"hainanese-curry-rice-lot-one","Hainanese Curry Rice","lot-one","#UNIT-B1-K24","UNIT- prefix"
"juewei-braised-snacks-lot-one","JUEWEI BRAISED SNACKS","lot-one","#UNIT-B1-22","UNIT- prefix"
"poulet-bugis","Poulet","bugis","#UNIT-04-12","UNIT- prefix"
"subway-lot-one","Subway","lot-one","#UNIT-B1-34-35","UNIT- prefix"
"primadli-lot-one","PrimaDéli","lot-one","#UNIT-B1-K25","UNIT- prefix"
"snackz-it--lot-one","Snackz It! 可口味 ","lot-one","#UNIT-B1-K1","UNIT- prefix"
"swee-heng-1989-classic-lot-one","SWEE HENG 1989 Classic","lot-one","#UNIT-B1-02","UNIT- prefix"
"talad-thai-banana-lot-one","TALAD THAI BANANA","lot-one","#UNIT-B1-K30","UNIT- prefix"
"the-whale-tea-lot-one","The Whale Tea","lot-one","#UNIT-B1-25","UNIT- prefix"
"tokyo-shokudo-milan-shokudo-lot-one","Tokyo Shokudo / Milan Shokudo","lot-one","#UNIT-B1-12-13","UNIT- prefix"
"tori-story-lot-one","Tori Story","lot-one","#UNIT-B1-K2","UNIT- prefix"
"the-coffee-bean-tea-leaf-lot-one","The Coffee Bean & Tea Leaf","lot-one","#UNIT-01-01","UNIT- prefix"
"yakiniku-shokudo-lot-one","Yakiniku Shokudo","lot-one","#UNIT-02-25","UNIT- prefix"
"yoshinoya-bedok-mall","YOSHINOYA","bedok-mall","#UNIT-B2-30","UNIT- prefix"
"mos-burger-bedok-mall","MOS Burger","bedok-mall","#UNIT-B2-29","UNIT- prefix"
"wok-hey-bedok-mall","Wok Hey","bedok-mall","#UNIT-B2-K9","UNIT- prefix"
"ajisen-ramen-bugis-junction","Ajisen Ramen","bugis-junction","#UNIT-01-01","UNIT- prefix"
"crystal-jade-la-mian-xiao-long-bao--bugis-junction","Crystal Jade La Mian Xiao Long Bao ","bugis-junction","#UNIT-B1-04A","UNIT- prefix"
"nan-yang-dao--bugis","NAN YANG DAO 南洋岛","bugis","#UNIT-04-08","UNIT- prefix"
"eighteen-chefs--bugis-junction","Eighteen Chefs ","bugis-junction","#UNIT-04-06","UNIT- prefix"
"starbucks-bugis","Starbucks","bugis","#UNIT-02-12-13","UNIT- prefix"
"eastern-rice-dumpling-bedok-mall","Eastern Rice Dumpling","bedok-mall","#UNIT-B2-K10","UNIT- prefix"
"ajisen-tanjiro-bedok-mall","Ajisen Tanjiro","bedok-mall","#UNIT-01-69-70","UNIT- prefix"
"canton-paradise-bedok-mall","Canton Paradise","bedok-mall","#UNIT-B2-11","UNIT- prefix"
"eat-bedok-mall","EAT.","bedok-mall","#UNIT-B2-K14","UNIT- prefix"
"old-street-bak-kut-teh-you-tiao-soya-milk-kallang-wave","OLD STREET BAK KUT TEH. YOU TIAO. SOYA MILK","kallang-wave-mall","Kallang Wave Mall              #01-22","other"
"popeyes-louisiana-kitchen-kallang-wave","POPEYES LOUISIANA KITCHEN","kallang-wave-mall","Kallang Wave Mall              #02-02","other"
"rocking-rickshaw-kallang-wave","ROCKING RICKSHAW","kallang-wave-mall","Kallang Wave Mall              #01-12","other"
"typhoon-kallang-wave","TYPHOON","kallang-wave-mall","Kallang Wave Mall              #01-35","other"
"yunomori-onsen-cafe-kallang-wave","YUNOMORI ONSEN CAFE","kallang-wave-mall","Kallang Wave Mall              #02-17 & 18","other"
"the-coffee-bean-tea-leaf-kallang-wave","THE COFFEE BEAN & TEA LEAF","kallang-wave-mall","Kallang Wave Mall              #01-44 & 45","other"
"mcdonalds-bedok-mall","McDonald's","bedok-mall","#UNIT-01-10-11","UNIT- prefix"
"shanghai-tan-panfried-buns-bedok-mall","Shanghai Tan Pan-Fried Buns","bedok-mall","#UNIT-02-02","UNIT- prefix"
"malaysia-boleh-bugis-junction","Malaysia Boleh!","bugis-junction","#UNIT-03-30","UNIT- prefix"
"pepper-lunch-bedok-mall","Pepper Lunch","bedok-mall","#UNIT-01-05-06-07-08","UNIT- prefix"
"san-ren-xing--bedok-mall","SAN REN XING 三人行","bedok-mall","#UNIT-B1-40","UNIT- prefix"
"little-pond--bedok-mall","Little Pond 小鱼塘","bedok-mall","#UNIT-B2-42-43","UNIT- prefix"
"sanook-kitchen-bedok-mall","Sanook Kitchen","bedok-mall","#UNIT-B2-44","UNIT- prefix"
"starbucks-bedok-mall","Starbucks","bedok-mall","#UNIT-01-92-93","UNIT- prefix"
"paris-baguette--bedok-mall","PARIS BAGUETTE ","bedok-mall","#UNIT-01-31","UNIT- prefix"
"genki-sushi-bugis","GENKI SUSHI","bugis","#UNIT-01-08","UNIT- prefix"
"monster-curry-bugis-junction","Monster Curry","bugis-junction","#UNIT-B1-04-B1-K24","UNIT- prefix"
"swensens-bedok-mall","Swensen's","bedok-mall","#UNIT-01-77","UNIT- prefix"
"ya-kun-kaya-toast-bugis-junction","Ya Kun Kaya Toast","bugis-junction","#UNIT-B1-11","UNIT- prefix"
"toriq-bedok-mall","Tori-Q","bedok-mall","#UNIT-B2-28","UNIT- prefix"
"kfc--bugis-junction","KFC ","bugis-junction","#UNIT-B1-09","UNIT- prefix"
"burger-king-bukit-panjang-plaza","BURGER KING","bukit-panjang-plaza","#UNIT-01-28","UNIT- prefix"
"shanghai-tan-panfried-buns-bugis","Shanghai Tan Pan-Fried Buns","bugis","#UNIT-01-14","UNIT- prefix"
"ichiban-sushi-bukit-panjang-plaza","Ichiban Sushi","bukit-panjang-plaza","#UNIT-01-37-38","UNIT- prefix"
"bulgogi-syo-bugis-junction","Bulgogi Syo","bugis-junction","#UNIT-02-49","UNIT- prefix"
"mcdonalds-bugis-junction","McDonald's","bugis-junction","#UNIT-01-66","UNIT- prefix"
"joshs-grill-bugis-junction","Josh's Grill","bugis-junction","#UNIT-01-69","UNIT- prefix"
"big-fish-small-fish-bugis-junction","Big Fish Small Fish","bugis-junction","#UNIT-04-05","UNIT- prefix"
"oriental-kopi-bugis-junction","ORIENTAL KOPI","bugis-junction","#UNIT-02-50","UNIT- prefix"
"swensens-bugis-junction","Swensen's","bugis-junction","#UNIT-01-68","UNIT- prefix"
"old-chang-kee-bugis-junction","Old Chang Kee","bugis-junction","#UNIT-B1-13","UNIT- prefix"
"subway--bugis-junction","Subway ","bugis-junction","#UNIT-B1-25A","UNIT- prefix"
"stuffd-bugis-junction","stuff'd","bugis-junction","#UNIT-B1-K07","UNIT- prefix"
"sushi-plus--bugis-junction","Sushi Plus ","bugis-junction","#UNIT-02-53","UNIT- prefix"
"ippudo--clarke-quay","IPPUDO ","clarke-quay","#UNIT-01-07-C","UNIT- prefix"
"pita-tree-kebabs-clarke-quay","Pita Tree Kebabs","clarke-quay","#UNIT-01-11-D","UNIT- prefix"
"mr-bean-bukit-panjang-plaza","Mr Bean","bukit-panjang-plaza","#UNIT-01-19","UNIT- prefix"
"now-pizza-bukit-panjang-plaza","Now Pizza","bukit-panjang-plaza","#UNIT-01-43","UNIT- prefix"
"rrooll-bukit-panjang-plaza","rrooll","bukit-panjang-plaza","#UNIT-01-39","UNIT- prefix"
"old-chang-kee-bukit-panjang-plaza","Old Chang Kee","bukit-panjang-plaza","#UNIT-01-16","UNIT- prefix"
"ya-kun-kaya-toast-bukit-panjang-plaza","Ya Kun Kaya Toast","bukit-panjang-plaza","#UNIT-02-01A","UNIT- prefix"
"the-coffee-bean-tea-leaf-imm","The Coffee Bean & Tea Leaf","imm","#UNIT-01-126","UNIT- prefix"
"hei-sushi-imm","Hei Sushi","imm","#UNIT-01-K10","UNIT- prefix"
"mr-coconut-imm","Mr. Coconut","imm","#UNIT-01-K05","UNIT- prefix"
"eat-imm","EAT.","imm","#UNIT-01-K08","UNIT- prefix"
"red-ginger-imm","Red Ginger","imm","#UNIT-01-46","UNIT- prefix"
"eat-pizza-imm","Eat Pizza","imm","#UNIT-01-K11","UNIT- prefix"
"old-chang-kee-imm","Old Chang Kee","imm","#UNIT-01-35","UNIT- prefix"
"gong-yuan-ma-la-tang-imm","Gong Yuan Ma La Tang","imm","#UNIT-02-52","UNIT- prefix"
"lao-jiang-superior-soup-imm","Lao Jiang Superior Soup","imm","#UNIT-01-K09","UNIT- prefix"
"shihlin-taiwan-street-food-imm","Shihlin Taiwan Street Food","imm","#UNIT-01-K03","UNIT- prefix"
"dian-xiao-er-junction-8","Dian Xiao Er","junction-8","#UNIT-B1-07","UNIT- prefix"
"greendot-junction-8","Greendot","junction-8","#UNIT-B1-24-24A","UNIT- prefix"
"4-fingers-crispy-chicken-junction-8","4 Fingers Crispy Chicken","junction-8","#UNIT-01-32","UNIT- prefix"
"i-love-taimei-junction-8","I Love Taimei","junction-8","#UNIT-B1-22","UNIT- prefix"
"mr-bean-junction-8","Mr Bean","junction-8","#UNIT-B1-K5","UNIT- prefix"
"toast-box-junction-8","TOAST BOX","junction-8","#UNIT-01-35-36","UNIT- prefix"
"wok-hey-imm","Wok Hey","imm","#UNIT-01-K02","UNIT- prefix"
"fun-toast-junction-8","Fun Toast","junction-8","#UNIT-03-09","UNIT- prefix"
"wok-hey-junction-8","Wok Hey","junction-8","#UNIT-B1-11","UNIT- prefix"
"genki-sushi-junction-8","GENKI SUSHI","junction-8","#UNIT-01-22--01-30","UNIT- prefix"
"old-chang-kee-junction-8","Old Chang Kee","junction-8","#UNIT-B1-12","UNIT- prefix"
"shake-shack-junction-8","Shake Shack","junction-8","#UNIT-01-51","UNIT- prefix"
"the-coffee-bean-tea-leaf-junction-8","The Coffee Bean & Tea Leaf","junction-8","#UNIT-01-34","UNIT- prefix"
"yoshinoya-junction-8","YOSHINOYA","junction-8","#UNIT-01-49-50","UNIT- prefix"
"eat-pizza-plaza-singapura","Eat Pizza","plaza-singapura","#UNIT-B2-38","UNIT- prefix"
"munchi-pancakes-junction-8","munchi PANCAKES","junction-8","#UNIT-B1-K13","UNIT- prefix"
"toriq-junction-8","Tori-Q","junction-8","#UNIT-B1-25","UNIT- prefix"
"85-redhill-teochew-fishball-noodles-plaza-singapura","85 Redhill Teochew Fishball Noodles","plaza-singapura","#UNIT-B2-39","UNIT- prefix"
"goang-pratunam-chicken-rice-plaza-singapura","Go-Ang Pratunam Chicken Rice","plaza-singapura","#UNIT-03-24","UNIT- prefix"
"luckin-coffee-plaza-singapura","luckin coffee","plaza-singapura","#UNIT-B2-64","UNIT- prefix"
"old-chang-kee--plaza-singapura","Old Chang Kee ","plaza-singapura","#UNIT-B2-02","UNIT- prefix"
"the-coffee-bean-tea-leaf-plaza-singapura","The Coffee Bean & Tea Leaf","plaza-singapura","#UNIT-05-20","UNIT- prefix"
"riverside-canton-claypot-cuisine--raffles-city","Riverside Canton Claypot Cuisine 江边广东砂锅菜","raffles-city","#UNIT-B1-06-07","UNIT- prefix"
"da-paolo-gastronomia-raffles-city","Da Paolo Gastronomia","raffles-city","#UNIT-B1-45","UNIT- prefix"
"mr-bean-plaza-singapura","Mr Bean","plaza-singapura","#UNIT-B2-29","UNIT- prefix"
"tiong-bahru-bakery-plaza-singapura","Tiong Bahru Bakery","plaza-singapura","#UNIT-01-23","UNIT- prefix"
"yakiniku-shokudo-plaza-singapura","Yakiniku Shokudo","plaza-singapura","#UNIT-B1-01","UNIT- prefix"
"starbucks-plaza-singapura","Starbucks","plaza-singapura","#UNIT-01-34B--01-53","UNIT- prefix"
"swensens-plaza-singapura","Swensen's","plaza-singapura","#UNIT-03-23","UNIT- prefix"
"din-tai-fung-raffles-city","Din Tai Fung","raffles-city","#UNIT-B1-08-09-10","UNIT- prefix"
"starbucks-raffles-city","Starbucks","raffles-city","#UNIT-02-34","UNIT- prefix"
"tokyo-shokudo-plaza-singapura","Tokyo Shokudo","plaza-singapura","#UNIT-02-35","UNIT- prefix"
"blue-bottle-coffee-raffles-city","Blue Bottle Coffee","raffles-city","#UNIT-01-01-02--02-01-02-03--03-01-04-05","UNIT- prefix"
"stuffd-raffles-city","Stuff'd","raffles-city","#UNIT-B1-56","UNIT- prefix"
"tarte-by-cheryl-koh-raffles-city","Tarte by Cheryl Koh","raffles-city","#UNIT-B1-46","UNIT- prefix"
"andes-by-astons-bukit-panjang-plaza","Andes by Astons","bukit-panjang-plaza","#UNIT-03-10","UNIT- prefix"
"pocha-korean-street-dining-clarke-quay","POCHA! KOREAN STREET DINING","clarke-quay","#UNIT-01-05-A","UNIT- prefix"
"greendot-bukit-panjang-plaza","Greendot","bukit-panjang-plaza","#UNIT-01-36","UNIT- prefix"
"kfc-bukit-panjang-plaza","KFC","bukit-panjang-plaza","#UNIT-02-12-13","UNIT- prefix"
"kopitiam--tampines-mall","Kopitiam ","tampines-mall","#UNIT-04-27-28-29","UNIT- prefix"
"toast-box-tampines-mall","TOAST BOX","tampines-mall","#UNIT-01-32","UNIT- prefix"
"dian-xiao-er-lot-one","Dian Xiao Er","lot-one","#UNIT-B1-32-33","UNIT- prefix"
"tokyo-shokudo-tampines-mall","Tokyo Shokudo","tampines-mall","#UNIT-04-02","UNIT- prefix"
"eat-lot-one","EAT.","lot-one","#UNIT-B1-K3","UNIT- prefix"
"mcdonalds-tampines-mall","McDonald's","tampines-mall","#UNIT-01-33","UNIT- prefix"
"ajisen-ramen-lot-one","Ajisen Ramen","lot-one","#UNIT-04-11-12","UNIT- prefix"
"stuffd-tampines-mall","stuff'd","tampines-mall","#UNIT-B1-K13","UNIT- prefix"
"the-hainan-story-coffee-house--tampines-mall","THE HAINAN STORY COFFEE HOUSE (海南寶)","tampines-mall","#UNIT-B1-K2","UNIT- prefix"
"munchi-pancakes-lot-one","munchi PANCAKES","lot-one","#UNIT-B1-01A","UNIT- prefix"
"shiok-burger-lot-one","Shiok Burger","lot-one","#UNIT-B1-K10","UNIT- prefix"
"super-sushi-tampines-mall","Super Sushi","tampines-mall","#UNIT-B1-K4","UNIT- prefix"
"mcdonalds-lot-one","McDonald's","lot-one","#UNIT-01-20","UNIT- prefix"
"stuffd-lot-one","stuff'd","lot-one","#UNIT-B1-K26","UNIT- prefix"
"pastamania-lot-one","PASTAMANIA","lot-one","#UNIT-03-02A","UNIT- prefix"
"sanook-kitchen-lot-one","Sanook Kitchen","lot-one","#UNIT-01-06-07","UNIT- prefix"
"tamjai-samgor-mixian-lot-one","TamJai SamGor Mixian","lot-one","#UNIT-B1-10-11","UNIT- prefix"
"aone-signature-kallang-wave","A-ONE SIGNATURE","kallang-wave-mall","Kallang Wave Mall              #01-33 & 34","other"
"fun-toast-kallang-wave","FUN TOAST","kallang-wave-mall","Kallang Wave Mall              #01-39","other"
"ayam-penyet-president-kallang-wave","AYAM PENYET PRESIDENT","kallang-wave-mall","Kallang Wave Mall              #01-23","other"
"kei-kaisendon-kallang-wave","KEI KAISENDON","kallang-wave-mall","Kallang Wave Mall              #01-46","other"
"joe-dough-kallang-wave","JOE & DOUGH","kallang-wave-mall","Kallang Wave Mall              #01-42","other"
"poulet-kallang-wave","POULET","kallang-wave-mall","Kallang Wave Mall              #01-17","other"
"subway-kallang-wave","SUBWAY","kallang-wave-mall","Kallang Wave Mall              #01-55","other"
"starbucks-kallang-wave","STARBUCKS","kallang-wave-mall","Kallang Wave Mall              #01-56","other"
"yew-kee-specialities-kallang-wave","YEW KEE SPECIALITIES","kallang-wave-mall","Kallang Wave Mall              #02-12","other"
"toast-box--bugis-junction","TOAST BOX ","bugis-junction","#UNIT-01-67","UNIT- prefix"
"subway-bukit-panjang-plaza","Subway","bukit-panjang-plaza","#UNIT-02-11","UNIT- prefix"
"super-sushi-bukit-panjang-plaza","Super Sushi","bukit-panjang-plaza","#UNIT-01-68","UNIT- prefix"
"song-fa-bak-kut-teh-bukit-panjang-plaza","Song Fa Bak Kut Teh","bukit-panjang-plaza","#UNIT-03-09A","UNIT- prefix"
"koo-kee-bukit-panjang-plaza","Koo Kee","bukit-panjang-plaza","#UNIT-01-48-49-50","UNIT- prefix"
"swensens-bukit-panjang-plaza","Swensen's","bukit-panjang-plaza","#UNIT-03-04","UNIT- prefix"
"sanwich-lot-one","san.wich","lot-one","#UNIT-B1-K21","UNIT- prefix"
"sushi-express-imm","Sushi Express","imm","#UNIT-02-64","UNIT- prefix"
"simply-wrapps-raffles-city","Simply Wrapps","raffles-city","#UNIT-B1-78","UNIT- prefix"
"genki-sushi-tampines-mall","GENKI SUSHI","tampines-mall","#UNIT-03-26-27","UNIT- prefix"
"mr-bean-bedok-mall","Mr Bean","bedok-mall","#UNIT-B2-K2","UNIT- prefix"
"dian-xiao-er-bedok-mall","Dian Xiao Er","bedok-mall","#UNIT-01-73-74","UNIT- prefix"
"cedele-imm","Cedele","imm","#UNIT-01-20","UNIT- prefix"
"saap-saap-thai-bedok-mall","Saap Saap Thai","bedok-mall","#UNIT-B1-39","UNIT- prefix"
"yakiniku-shokudo-imm","Yakiniku Shokudo","imm","#UNIT-02-53","UNIT- prefix"
"subway-junction-8","Subway","junction-8","#UNIT-01-31","UNIT- prefix"
"mr-bean-bugis-junction","Mr Bean","bugis-junction","#UNIT-B1-K13","UNIT- prefix"
"pizza-hut-bukit-panjang-plaza","Pizza Hut","bukit-panjang-plaza","#UNIT-02-14-15","UNIT- prefix"
"wok-hey-bukit-panjang-plaza","WOK HEY","bukit-panjang-plaza","#UNIT-01-69","UNIT- prefix"
"wingstop-bedok-mall","WINGSTOP","bedok-mall","#UNIT-B1-53","UNIT- prefix"
"the-coffee-bean-tea-leaf-bukit-panjang-plaza","The Coffee Bean & Tea Leaf","bukit-panjang-plaza","#UNIT-02-08A-09","UNIT- prefix"
"food-junction-junction-8","Food Junction","junction-8","#UNIT-04-01-02E","UNIT- prefix"
"dabba-street-bugis-junction","DABBA STREET","bugis-junction","#UNIT-B1-K08","UNIT- prefix"
"bee-cheng-hiang-bedok-mall","Bee Cheng Hiang","bedok-mall","#UNIT-B2-23","UNIT- prefix"
"ya-kun-kaya-toast-imm","Ya Kun Kaya Toast","imm","#UNIT-01-50","UNIT- prefix"
"nandos--bugis-junction","Nando's ","bugis-junction","#UNIT-01-85-86-87","UNIT- prefix"
"home--clarke-quay","Home ","clarke-quay","#UNIT-02-03-A","UNIT- prefix"
"yakiniku-like-junction-8","Yakiniku Like","junction-8","#UNIT-01-40","UNIT- prefix"
"niku-iku-bugis-junction","NIKU IKU","bugis-junction","#UNIT-B1-K03","UNIT- prefix"
"chagee-bukit-panjang-plaza","CHAGEE","bukit-panjang-plaza","#UNIT-02-38-39","UNIT- prefix"
"mr-coconut-junction-8","Mr. Coconut","junction-8","#UNIT-B1-K6","UNIT- prefix"
"gochiso-shokudo-bugis-junction","Gochi-So Shokudo","bugis-junction","#UNIT-02-47-48","UNIT- prefix"
"nandos-plaza-singapura","Nando's","plaza-singapura","#UNIT-04-10-11","UNIT- prefix"
"fragrance-imm","Fragrance","imm","#UNIT-01-43","UNIT- prefix"
"seoul-garden-imm","Seoul Garden","imm","#UNIT-02-25","UNIT- prefix"
"aburien-junction-8","Aburi-EN","junction-8","#UNIT-01-37","UNIT- prefix"
"ajisen-ramen-junction-8","Ajisen Ramen","junction-8","#UNIT-B1-19","UNIT- prefix"
"wine-connection-raffles-city","Wine Connection","raffles-city","#UNIT-B1-43F","UNIT- prefix"
"coco-ichibanya-plaza-singapura","CoCo ICHIBANYA","plaza-singapura","#UNIT-03-73","UNIT- prefix"
"kfc-plaza-singapura","KFC","plaza-singapura","#UNIT-B1-21-22","UNIT- prefix"
"venchi-raffles-city","Venchi","raffles-city","#UNIT-01-37A","UNIT- prefix"
"yoshinoya-bugis-junction","YOSHINOYA","bugis-junction","#UNIT-B1-10","UNIT- prefix"
"crave-junction-8","CRAVE","junction-8","#UNIT-B1-K8","UNIT- prefix"
"chagee-plaza-singapura","CHAGEE","plaza-singapura","#UNIT-01-58","UNIT- prefix"
"mcdonalds-bukit-panjang-plaza","McDonald's","bukit-panjang-plaza","#UNIT-02-01","UNIT- prefix"
"cedele-raffles-city","Cedele","raffles-city","#UNIT-B1-44M","UNIT- prefix"
"kenangan-coffee-raffles-city","Kenangan Coffee","raffles-city","#UNIT-B1-K10","UNIT- prefix"
"manna-plaza-singapura","Manna","plaza-singapura","#UNIT-B2-22","UNIT- prefix"
"menya-kokoro-plaza-singapura","Menya Kokoro","plaza-singapura","#UNIT-B2-53","UNIT- prefix"
"kfc-junction-8","KFC","junction-8","#UNIT-01-21","UNIT- prefix"
"mcdonalds-plaza-singapura","McDonald's","plaza-singapura","#UNIT-B1-23-24","UNIT- prefix"
"din-tai-fung-junction-8","Din Tai Fung","junction-8","#UNIT-01-41","UNIT- prefix"
"din-tai-fung-plaza-singapura","Din Tai Fung","plaza-singapura","#UNIT-02-32","UNIT- prefix"
"nandos-tampines-mall","Nando's","tampines-mall","#UNIT-01-46","UNIT- prefix"
"long-john-silvers-junction-8","Long John Silver's","junction-8","#UNIT-01-19A","UNIT- prefix"
"mcdonalds-junction-8","McDonald's","junction-8","#UNIT-01-20","UNIT- prefix"
"lolas-tampines-mall","Lola's","tampines-mall","#UNIT-01-50","UNIT- prefix"
"wine-connection-plaza-singapura","Wine Connection","plaza-singapura","#UNIT-B2-66","UNIT- prefix"
"swensens-junction-8","Swensen's","junction-8","#UNIT-01-39","UNIT- prefix"
"crave-bukit-panjang-plaza","CRAVE","bukit-panjang-plaza","#UNIT-01-18","UNIT- prefix"
"ocoffee-club-raffles-city","O'Coffee Club","raffles-city","#UNIT-03-30-30A","UNIT- prefix"
"crave-lot-one","CRAVE","lot-one","#UNIT-B1-K19","UNIT- prefix"
"the-soup-spoon-raffles-city","The Soup Spoon","raffles-city","#UNIT-B1-44L","UNIT- prefix"
"xw-western-grill-raffles-city","XW Western Grill","raffles-city","#UNIT-B1-44B","UNIT- prefix"
"kenangan-coffee-tampines-mall","Kenangan Coffee","tampines-mall","#UNIT-01-48","UNIT- prefix"
"seoul-garden-tampines-mall","Seoul Garden","tampines-mall","#UNIT-04-01","UNIT- prefix"
"delifrance-lot-one","Delifrance","lot-one","#UNIT-03-14A","UNIT- prefix"
"tamjai-samgor-mixian-junction-8","TamJai SamGor Mixian","junction-8","#UNIT-B1-20","UNIT- prefix"
"dough-culture-tampines-mall","Dough Culture","tampines-mall","#UNIT-B1-K16","UNIT- prefix"
"pezzo-lot-one","PEZZO","lot-one","#UNIT-B1-23","UNIT- prefix"
"old-chang-kee-lot-one","Old Chang Kee","lot-one","#UNIT-B1-K23","UNIT- prefix"
"genki-sushi-plaza-singapura","GENKI SUSHI","plaza-singapura","#UNIT-06-05-06","UNIT- prefix"
"gochiso-shokudo-plaza-singapura","Gochi-So Shokudo","plaza-singapura","#UNIT-B2-50-51","UNIT- prefix"
"kopitiam-plaza-singapura","Kopitiam","plaza-singapura","#UNIT-06-15-16-17","UNIT- prefix"
"the-sushi-bar-plaza-singapura","The Sushi Bar","plaza-singapura","#UNIT-04-68","UNIT- prefix"
"stuffd-plaza-singapura","stuff'd","plaza-singapura","#UNIT-B2-43","UNIT- prefix"
"toast-box-raffles-city","TOAST BOX","raffles-city","#UNIT-B1-44A","UNIT- prefix"
"treasures-yi-dian-xin-raffles-city","Treasures Yi Dian Xin","raffles-city","#UNIT-B1-37","UNIT- prefix"
"sushi-tei-raffles-city","Sushi Tei","raffles-city","#UNIT-03-13-14","UNIT- prefix"
"ippudo-raffles-city","IPPUDO","raffles-city","#UNIT-B1-61-62","UNIT- prefix"
"old-chang-kee-raffles-city","Old Chang Kee","raffles-city","#UNIT-B1-55","UNIT- prefix"
"wok-hey-raffles-city","Wok Hey","raffles-city","#UNIT-B1-72","UNIT- prefix"
"milan-shokudo-junction-8","Milan Shokudo","junction-8","#UNIT-02-35A-34-35","UNIT- prefix"
"tim-hortons-plaza-singapura","Tim Hortons","plaza-singapura","#UNIT-02-K1-TO-K6","UNIT- prefix"
"munchi-pancakes-plaza-singapura","munchi PANCAKES","plaza-singapura","#UNIT-B2-41","UNIT- prefix"
"swensens-tampines-mall","Swensen's","tampines-mall","#UNIT-03-30","UNIT- prefix"
"ho-kee-pau-lot-one","Ho Kee Pau","lot-one","#UNIT-B1-K28","UNIT- prefix"
"toriq-tampines-mall","Tori-Q","tampines-mall","#UNIT-B1-K20","UNIT- prefix"
"shiok-burger-raffles-city","Shiok Burger","raffles-city","#UNIT-B1-79","UNIT- prefix"
"ajisen-ramen-tampines-mall","Ajisen Ramen","tampines-mall","#UNIT-04-19-20","UNIT- prefix"
"chagee-raffles-city","CHAGEE","raffles-city","#UNIT-01-15","UNIT- prefix"
"namnam-raffles-city","NamNam","raffles-city","#UNIT-B1-47","UNIT- prefix"
"din-tai-fung-tampines-mall","Din Tai Fung","tampines-mall","#UNIT-02-01--02-31","UNIT- prefix"
"so-pho-tampines-mall","So Pho","tampines-mall","#UNIT-04-30-31","UNIT- prefix"
"kfc-tampines-mall","KFC","tampines-mall","#UNIT-01-47","UNIT- prefix"
"long-john-silvers-tampines-mall","Long John Silver's","tampines-mall","#UNIT-04-23-24-25","UNIT- prefix"
"kfc--lot-one","KFC ","lot-one","#UNIT-B1-28-29","UNIT- prefix"
"makisan-lot-one","Maki-San","lot-one","#UNIT-B1-K31","UNIT- prefix"
"mr-bean--lot-one","Mr Bean ","lot-one","#UNIT-B1-K29","UNIT- prefix"
"wok-hey-lot-one","WOK HEY","lot-one","#UNIT-B1-K27","UNIT- prefix"
"ya-kun-kaya-toast-lot-one","Ya Kun Kaya Toast","lot-one","#UNIT-B1-K4-K5","UNIT- prefix"
"tenderfresh-xpress--lot-one","Tenderfresh XPRESS ","lot-one","#UNIT-B1-K22","UNIT- prefix"
"red-ginger-lot-one","Red Ginger","lot-one","#UNIT-B1-K7-K8","UNIT- prefix"
"astons-specialities-kallang-wave","ASTONS SPECIALITIES","kallang-wave-mall","Kallang Wave Mall              #02-04","other"
"my-kampung-kallang-wave","MY KAMPUNG","kallang-wave-mall","Kallang Wave Mall              #02-16","other"
"munchi-pancakes-kallang-wave","munchi PANCAKES","kallang-wave-mall","Kallang Wave Mall              #01-38","other"
"sanook-kitchen-kallang-wave","SANOOK KITCHEN","kallang-wave-mall","Kallang Wave Mall              #01-16","other"
"the-soup-spoon-union-kallang-wave","THE SOUP SPOON UNION","kallang-wave-mall","Kallang Wave Mall              #01-41","other"
"tim-ho-wan-plaza-singapura","Tim Ho Wan","plaza-singapura","#UNIT-01-29A--01-52","UNIT- prefix"
